This is XeTeX, Version 3.141592653-2.6-0.999998 (TeX Live 2026) (preloaded format=xelatex 2026.3.22)  21 MAY 2026 15:55
entering extended mode
 \write18 enabled.
 %&-line parsing enabled.
**_combined_manuscript.tex
(./_combined_manuscript.tex
LaTeX2e <2025-11-01>
L3 programming layer <2026-01-19>
(/usr/local/texlive/2026/texmf-dist/tex/latex/base/article.cls
Document Class: article 2025/01/22 v1.4n Standard LaTeX document class
(/usr/local/texlive/2026/texmf-dist/tex/latex/base/size10.clo
File: size10.clo 2025/01/22 v1.4n Standard LaTeX file (size option)
)
\c@part=\count271
\c@section=\count272
\c@subsection=\count273
\c@subsubsection=\count274
\c@paragraph=\count275
\c@subparagraph=\count276
\c@figure=\count277
\c@table=\count278
\abovecaptionskip=\skip49
\belowcaptionskip=\skip50
\bibindent=\dimen148
)
(/usr/local/texlive/2026/texmf-dist/tex/latex/xcolor/xcolor.sty
Package: xcolor 2024/09/29 v3.02 LaTeX color extensions (UK)

(/usr/local/texlive/2026/texmf-dist/tex/latex/graphics-cfg/color.cfg
File: color.cfg 2016/01/02 v1.6 sample color configuration
)
Package xcolor Info: Driver file: xetex.def on input line 274.

(/usr/local/texlive/2026/texmf-dist/tex/latex/graphics-def/xetex.def
File: xetex.def 2025/11/01 v5.0p Graphics/color driver for xetex
)
(/usr/local/texlive/2026/texmf-dist/tex/latex/graphics/mathcolor.ltx)
Package xcolor Info: Model `cmy' substituted by `cmy0' on input line 1349.
Package xcolor Info: Model `RGB' extended on input line 1365.
Package xcolor Info: Model `HTML' substituted by `rgb' on input line 1367.
Package xcolor Info: Model `Hsb' substituted by `hsb' on input line 1368.
Package xcolor Info: Model `tHsb' substituted by `hsb' on input line 1369.
Package xcolor Info: Model `HSB' substituted by `hsb' on input line 1370.
Package xcolor Info: Model `Gray' substituted by `gray' on input line 1371.
Package xcolor Info: Model `wave' substituted by `hsb' on input line 1372.
)
(/usr/local/texlive/2026/texmf-dist/tex/latex/amsmath/amsmath.sty
Package: amsmath 2025/07/09 v2.17z AMS math features
\@mathmargin=\skip51

For additional information on amsmath, use the `?' option.
(/usr/local/texlive/2026/texmf-dist/tex/latex/amsmath/amstext.sty
Package: amstext 2024/11/17 v2.01 AMS text

(/usr/local/texlive/2026/texmf-dist/tex/latex/amsmath/amsgen.sty
File: amsgen.sty 1999/11/30 v2.0 generic functions
\@emptytoks=\toks17
\ex@=\dimen149
))
(/usr/local/texlive/2026/texmf-dist/tex/latex/amsmath/amsbsy.sty
Package: amsbsy 1999/11/29 v1.2d Bold Symbols
\pmbraise@=\dimen150
)
(/usr/local/texlive/2026/texmf-dist/tex/latex/amsmath/amsopn.sty
Package: amsopn 2022/04/08 v2.04 operator names
)
\inf@bad=\count279
LaTeX Info: Redefining \frac on input line 233.
\uproot@=\count280
\leftroot@=\count281
LaTeX Info: Redefining \overline on input line 398.
LaTeX Info: Redefining \colon on input line 409.
\classnum@=\count282
\DOTSCASE@=\count283
LaTeX Info: Redefining \ldots on input line 495.
LaTeX Info: Redefining \dots on input line 498.
LaTeX Info: Redefining \cdots on input line 619.
\Mathstrutbox@=\box53
\strutbox@=\box54
LaTeX Info: Redefining \big on input line 721.
LaTeX Info: Redefining \Big on input line 722.
LaTeX Info: Redefining \bigg on input line 723.
LaTeX Info: Redefining \Bigg on input line 724.
\big@size=\dimen151
LaTeX Font Info:    Redeclaring font encoding OML on input line 742.
LaTeX Font Info:    Redeclaring font encoding OMS on input line 743.
\macc@depth=\count284
LaTeX Info: Redefining \bmod on input line 904.
LaTeX Info: Redefining \pmod on input line 909.
LaTeX Info: Redefining \smash on input line 939.
LaTeX Info: Redefining \relbar on input line 969.
LaTeX Info: Redefining \Relbar on input line 970.
\c@MaxMatrixCols=\count285
\dotsspace@=\muskip17
\c@parentequation=\count286
\dspbrk@lvl=\count287
\tag@help=\toks18
\row@=\count288
\column@=\count289
\maxfields@=\count290
\andhelp@=\toks19
\eqnshift@=\dimen152
\alignsep@=\dimen153
\tagshift@=\dimen154
\tagwidth@=\dimen155
\totwidth@=\dimen156
\lineht@=\dimen157
\@envbody=\toks20
\multlinegap=\skip52
\multlinetaggap=\skip53
\mathdisplay@stack=\toks21
LaTeX Info: Redefining \[ on input line 2950.
LaTeX Info: Redefining \] on input line 2951.
)
(/usr/local/texlive/2026/texmf-dist/tex/latex/amsfonts/amssymb.sty
Package: amssymb 2013/01/14 v3.01 AMS font symbols

(/usr/local/texlive/2026/texmf-dist/tex/latex/amsfonts/amsfonts.sty
Package: amsfonts 2013/01/14 v3.01 Basic AMSFonts support
\symAMSa=\mathgroup4
\symAMSb=\mathgroup5
LaTeX Font Info:    Redeclaring math symbol \hbar on input line 98.
LaTeX Font Info:    Overwriting math alphabet `\mathfrak' in version `bold'
(Font)                  U/euf/m/n --> U/euf/b/n on input line 106.
))
(/usr/local/texlive/2026/texmf-dist/tex/generic/iftex/iftex.sty
Package: iftex 2024/12/12 v1.0g TeX engine tests
)
(/usr/local/texlive/2026/texmf-dist/tex/latex/unicode-math/unicode-math.sty
(/usr/local/texlive/2026/texmf-dist/tex/latex/l3kernel/expl3.sty
Package: expl3 2026-01-19 L3 programming layer (loader) 

(/usr/local/texlive/2026/texmf-dist/tex/latex/l3backend/l3backend-xetex.def
File: l3backend-xetex.def 2025-10-09 L3 backend support: XeTeX
\g__graphics_track_int=\count291
\g__pdfannot_backend_int=\count292
\g__pdfannot_backend_link_int=\count293
))
Package: unicode-math 2023/08/13 v0.8r Unicode maths in XeLaTeX and LuaLaTeX

(/usr/local/texlive/2026/texmf-dist/tex/latex/unicode-math/unicode-math-xetex.s
ty
Package: unicode-math-xetex 2023/08/13 v0.8r Unicode maths in XeLaTeX and LuaLa
TeX
 (/usr/local/texlive/2026/texmf-dist/tex/latex/l3packages/xparse/xparse.sty
Package: xparse 2025-10-09 L3 Experimental document command parser
)
(/usr/local/texlive/2026/texmf-dist/tex/latex/l3packages/l3keys2e/l3keys2e.sty
Package: l3keys2e 2025-10-09 LaTeX2e option processing using LaTeX3 keys
) (/usr/local/texlive/2026/texmf-dist/tex/latex/fontspec/fontspec.sty
Package: fontspec 2025/09/29 v2.9g Font selection for XeLaTeX and LuaLaTeX

(/usr/local/texlive/2026/texmf-dist/tex/latex/fontspec/fontspec-xetex.sty
Package: fontspec-xetex 2025/09/29 v2.9g Font selection for XeLaTeX and LuaLaTe
X
\l__fontspec_script_int=\count294
\l__fontspec_language_int=\count295
\l__fontspec_strnum_int=\count296
\l__fontspec_tmp_int=\count297
\l__fontspec_tmpa_int=\count298
\l__fontspec_tmpb_int=\count299
\l__fontspec_tmpc_int=\count300
\l__fontspec_em_int=\count301
\l__fontspec_emdef_int=\count302
\l__fontspec_strong_int=\count303
\l__fontspec_strongdef_int=\count304
\l__fontspec_tmpa_dim=\dimen158
\l__fontspec_tmpb_dim=\dimen159
\l__fontspec_tmpc_dim=\dimen160

(/usr/local/texlive/2026/texmf-dist/tex/latex/base/fontenc.sty
Package: fontenc 2025/07/18 v2.1d Standard LaTeX package
)
(/usr/local/texlive/2026/texmf-dist/tex/latex/fontspec/fontspec.cfg)))
(/usr/local/texlive/2026/texmf-dist/tex/latex/base/fix-cm.sty
Package: fix-cm 2020/11/24 v1.1t fixes to LaTeX

(/usr/local/texlive/2026/texmf-dist/tex/latex/base/ts1enc.def
File: ts1enc.def 2001/06/05 v3.0e (jk/car/fm) Standard LaTeX file
LaTeX Font Info:    Redeclaring font encoding TS1 on input line 47.
LaTeX Encoding Info:    Redeclaring text command \capitalcedilla (encoding TS1)
 on input line 49.
LaTeX Encoding Info:    Redeclaring text command \capitalogonek (encoding TS1) 
on input line 52.
LaTeX Encoding Info:    Redeclaring text command \capitalgrave (encoding TS1) o
n input line 55.
LaTeX Encoding Info:    Redeclaring text command \capitalacute (encoding TS1) o
n input line 56.
LaTeX Encoding Info:    Redeclaring text command \capitalcircumflex (encoding T
S1) on input line 57.
LaTeX Encoding Info:    Redeclaring text command \capitaltilde (encoding TS1) o
n input line 58.
LaTeX Encoding Info:    Redeclaring text command \capitaldieresis (encoding TS1
) on input line 59.
LaTeX Encoding Info:    Redeclaring text command \capitalhungarumlaut (encoding
 TS1) on input line 60.
LaTeX Encoding Info:    Redeclaring text command \capitalring (encoding TS1) on
 input line 61.
LaTeX Encoding Info:    Redeclaring text command \capitalcaron (encoding TS1) o
n input line 62.
LaTeX Encoding Info:    Redeclaring text command \capitalbreve (encoding TS1) o
n input line 63.
LaTeX Encoding Info:    Redeclaring text command \capitalmacron (encoding TS1) 
on input line 64.
LaTeX Encoding Info:    Redeclaring text command \capitaldotaccent (encoding TS
1) on input line 65.
LaTeX Encoding Info:    Redeclaring text command \t (encoding TS1) on input lin
e 66.
LaTeX Encoding Info:    Redeclaring text command \capitaltie (encoding TS1) on 
input line 67.
LaTeX Encoding Info:    Redeclaring text command \newtie (encoding TS1) on inpu
t line 68.
LaTeX Encoding Info:    Redeclaring text command \capitalnewtie (encoding TS1) 
on input line 69.
LaTeX Encoding Info:    Redeclaring text symbol \textcapitalcompwordmark (encod
ing TS1) on input line 70.
LaTeX Encoding Info:    Redeclaring text symbol \textascendercompwordmark (enco
ding TS1) on input line 71.
LaTeX Encoding Info:    Redeclaring text symbol \textquotestraightbase (encodin
g TS1) on input line 72.
LaTeX Encoding Info:    Redeclaring text symbol \textquotestraightdblbase (enco
ding TS1) on input line 73.
LaTeX Encoding Info:    Redeclaring text symbol \texttwelveudash (encoding TS1)
 on input line 74.
LaTeX Encoding Info:    Redeclaring text symbol \textthreequartersemdash (encod
ing TS1) on input line 75.
LaTeX Encoding Info:    Redeclaring text symbol \textleftarrow (encoding TS1) o
n input line 76.
LaTeX Encoding Info:    Redeclaring text symbol \textrightarrow (encoding TS1) 
on input line 77.
LaTeX Encoding Info:    Redeclaring text symbol \textblank (encoding TS1) on in
put line 78.
LaTeX Encoding Info:    Redeclaring text symbol \textdollar (encoding TS1) on i
nput line 79.
LaTeX Encoding Info:    Redeclaring text symbol \textquotesingle (encoding TS1)
 on input line 80.
LaTeX Encoding Info:    Redeclaring text command \textasteriskcentered (encodin
g TS1) on input line 81.
LaTeX Encoding Info:    Redeclaring text symbol \textdblhyphen (encoding TS1) o
n input line 92.
LaTeX Encoding Info:    Redeclaring text symbol \textfractionsolidus (encoding 
TS1) on input line 93.
LaTeX Encoding Info:    Redeclaring text symbol \textzerooldstyle (encoding TS1
) on input line 94.
LaTeX Encoding Info:    Redeclaring text symbol \textoneoldstyle (encoding TS1)
 on input line 95.
LaTeX Encoding Info:    Redeclaring text symbol \texttwooldstyle (encoding TS1)
 on input line 96.
LaTeX Encoding Info:    Redeclaring text symbol \textthreeoldstyle (encoding TS
1) on input line 97.
LaTeX Encoding Info:    Redeclaring text symbol \textfouroldstyle (encoding TS1
) on input line 98.
LaTeX Encoding Info:    Redeclaring text symbol \textfiveoldstyle (encoding TS1
) on input line 99.
LaTeX Encoding Info:    Redeclaring text symbol \textsixoldstyle (encoding TS1)
 on input line 100.
LaTeX Encoding Info:    Redeclaring text symbol \textsevenoldstyle (encoding TS
1) on input line 101.
LaTeX Encoding Info:    Redeclaring text symbol \texteightoldstyle (encoding TS
1) on input line 102.
LaTeX Encoding Info:    Redeclaring text symbol \textnineoldstyle (encoding TS1
) on input line 103.
LaTeX Encoding Info:    Redeclaring text symbol \textlangle (encoding TS1) on i
nput line 104.
LaTeX Encoding Info:    Redeclaring text symbol \textminus (encoding TS1) on in
put line 105.
LaTeX Encoding Info:    Redeclaring text symbol \textrangle (encoding TS1) on i
nput line 106.
LaTeX Encoding Info:    Redeclaring text symbol \textmho (encoding TS1) on inpu
t line 107.
LaTeX Encoding Info:    Redeclaring text symbol \textbigcircle (encoding TS1) o
n input line 108.
LaTeX Encoding Info:    Redeclaring text command \textcircled (encoding TS1) on
 input line 109.
LaTeX Encoding Info:    Redeclaring text symbol \textohm (encoding TS1) on inpu
t line 115.
LaTeX Encoding Info:    Redeclaring text symbol \textlbrackdbl (encoding TS1) o
n input line 116.
LaTeX Encoding Info:    Redeclaring text symbol \textrbrackdbl (encoding TS1) o
n input line 117.
LaTeX Encoding Info:    Redeclaring text symbol \textuparrow (encoding TS1) on 
input line 118.
LaTeX Encoding Info:    Redeclaring text symbol \textdownarrow (encoding TS1) o
n input line 119.
LaTeX Encoding Info:    Redeclaring text symbol \textasciigrave (encoding TS1) 
on input line 120.
LaTeX Encoding Info:    Redeclaring text symbol \textborn (encoding TS1) on inp
ut line 121.
LaTeX Encoding Info:    Redeclaring text symbol \textdivorced (encoding TS1) on
 input line 122.
LaTeX Encoding Info:    Redeclaring text symbol \textdied (encoding TS1) on inp
ut line 123.
LaTeX Encoding Info:    Redeclaring text symbol \textleaf (encoding TS1) on inp
ut line 124.
LaTeX Encoding Info:    Redeclaring text symbol \textmarried (encoding TS1) on 
input line 125.
LaTeX Encoding Info:    Redeclaring text symbol \textmusicalnote (encoding TS1)
 on input line 126.
LaTeX Encoding Info:    Redeclaring text symbol \texttildelow (encoding TS1) on
 input line 127.
LaTeX Encoding Info:    Redeclaring text symbol \textdblhyphenchar (encoding TS
1) on input line 128.
LaTeX Encoding Info:    Redeclaring text symbol \textasciibreve (encoding TS1) 
on input line 129.
LaTeX Encoding Info:    Redeclaring text symbol \textasciicaron (encoding TS1) 
on input line 130.
LaTeX Encoding Info:    Redeclaring text symbol \textacutedbl (encoding TS1) on
 input line 131.
LaTeX Encoding Info:    Redeclaring text symbol \textgravedbl (encoding TS1) on
 input line 132.
LaTeX Encoding Info:    Redeclaring text symbol \textdagger (encoding TS1) on i
nput line 133.
LaTeX Encoding Info:    Redeclaring text symbol \textdaggerdbl (encoding TS1) o
n input line 134.
LaTeX Encoding Info:    Redeclaring text symbol \textbardbl (encoding TS1) on i
nput line 135.
LaTeX Encoding Info:    Redeclaring text symbol \textperthousand (encoding TS1)
 on input line 136.
LaTeX Encoding Info:    Redeclaring text symbol \textbullet (encoding TS1) on i
nput line 137.
LaTeX Encoding Info:    Redeclaring text symbol \textcelsius (encoding TS1) on 
input line 138.
LaTeX Encoding Info:    Redeclaring text symbol \textdollaroldstyle (encoding T
S1) on input line 139.
LaTeX Encoding Info:    Redeclaring text symbol \textcentoldstyle (encoding TS1
) on input line 140.
LaTeX Encoding Info:    Redeclaring text symbol \textflorin (encoding TS1) on i
nput line 141.
LaTeX Encoding Info:    Redeclaring text symbol \textcolonmonetary (encoding TS
1) on input line 142.
LaTeX Encoding Info:    Redeclaring text symbol \textwon (encoding TS1) on inpu
t line 143.
LaTeX Encoding Info:    Redeclaring text symbol \textnaira (encoding TS1) on in
put line 144.
LaTeX Encoding Info:    Redeclaring text symbol \textguarani (encoding TS1) on 
input line 145.
LaTeX Encoding Info:    Redeclaring text symbol \textpeso (encoding TS1) on inp
ut line 146.
LaTeX Encoding Info:    Redeclaring text symbol \textlira (encoding TS1) on inp
ut line 147.
LaTeX Encoding Info:    Redeclaring text symbol \textrecipe (encoding TS1) on i
nput line 148.
LaTeX Encoding Info:    Redeclaring text symbol \textinterrobang (encoding TS1)
 on input line 149.
LaTeX Encoding Info:    Redeclaring text symbol \textinterrobangdown (encoding 
TS1) on input line 150.
LaTeX Encoding Info:    Redeclaring text symbol \textdong (encoding TS1) on inp
ut line 151.
LaTeX Encoding Info:    Redeclaring text symbol \texttrademark (encoding TS1) o
n input line 152.
LaTeX Encoding Info:    Redeclaring text symbol \textpertenthousand (encoding T
S1) on input line 153.
LaTeX Encoding Info:    Redeclaring text symbol \textpilcrow (encoding TS1) on 
input line 154.
LaTeX Encoding Info:    Redeclaring text symbol \textbaht (encoding TS1) on inp
ut line 155.
LaTeX Encoding Info:    Redeclaring text symbol \textnumero (encoding TS1) on i
nput line 156.
LaTeX Encoding Info:    Redeclaring text symbol \textdiscount (encoding TS1) on
 input line 157.
LaTeX Encoding Info:    Redeclaring text symbol \textestimated (encoding TS1) o
n input line 158.
LaTeX Encoding Info:    Redeclaring text symbol \textopenbullet (encoding TS1) 
on input line 159.
LaTeX Encoding Info:    Redeclaring text symbol \textservicemark (encoding TS1)
 on input line 160.
LaTeX Encoding Info:    Redeclaring text symbol \textlquill (encoding TS1) on i
nput line 161.
LaTeX Encoding Info:    Redeclaring text symbol \textrquill (encoding TS1) on i
nput line 162.
LaTeX Encoding Info:    Redeclaring text symbol \textcent (encoding TS1) on inp
ut line 163.
LaTeX Encoding Info:    Redeclaring text symbol \textsterling (encoding TS1) on
 input line 164.
LaTeX Encoding Info:    Redeclaring text symbol \textcurrency (encoding TS1) on
 input line 165.
LaTeX Encoding Info:    Redeclaring text symbol \textyen (encoding TS1) on inpu
t line 166.
LaTeX Encoding Info:    Redeclaring text symbol \textbrokenbar (encoding TS1) o
n input line 167.
LaTeX Encoding Info:    Redeclaring text symbol \textsection (encoding TS1) on 
input line 168.
LaTeX Encoding Info:    Redeclaring text symbol \textasciidieresis (encoding TS
1) on input line 169.
LaTeX Encoding Info:    Redeclaring text symbol \textcopyright (encoding TS1) o
n input line 170.
LaTeX Encoding Info:    Redeclaring text symbol \textordfeminine (encoding TS1)
 on input line 171.
LaTeX Encoding Info:    Redeclaring text symbol \textcopyleft (encoding TS1) on
 input line 172.
LaTeX Encoding Info:    Redeclaring text symbol \textlnot (encoding TS1) on inp
ut line 173.
LaTeX Encoding Info:    Redeclaring text symbol \textcircledP (encoding TS1) on
 input line 174.
LaTeX Encoding Info:    Redeclaring text symbol \textregistered (encoding TS1) 
on input line 175.
LaTeX Encoding Info:    Redeclaring text symbol \textasciimacron (encoding TS1)
 on input line 176.
LaTeX Encoding Info:    Redeclaring text symbol \textdegree (encoding TS1) on i
nput line 177.
LaTeX Encoding Info:    Redeclaring text symbol \textpm (encoding TS1) on input
 line 178.
LaTeX Encoding Info:    Redeclaring text symbol \texttwosuperior (encoding TS1)
 on input line 179.
LaTeX Encoding Info:    Redeclaring text symbol \textthreesuperior (encoding TS
1) on input line 180.
LaTeX Encoding Info:    Redeclaring text symbol \textasciiacute (encoding TS1) 
on input line 181.
LaTeX Encoding Info:    Redeclaring text symbol \textmu (encoding TS1) on input
 line 182.
LaTeX Encoding Info:    Redeclaring text symbol \textparagraph (encoding TS1) o
n input line 183.
LaTeX Encoding Info:    Redeclaring text symbol \textperiodcentered (encoding T
S1) on input line 184.
LaTeX Encoding Info:    Redeclaring text symbol \textreferencemark (encoding TS
1) on input line 185.
LaTeX Encoding Info:    Redeclaring text symbol \textonesuperior (encoding TS1)
 on input line 186.
LaTeX Encoding Info:    Redeclaring text symbol \textordmasculine (encoding TS1
) on input line 187.
LaTeX Encoding Info:    Redeclaring text symbol \textsurd (encoding TS1) on inp
ut line 188.
LaTeX Encoding Info:    Redeclaring text symbol \textonequarter (encoding TS1) 
on input line 189.
LaTeX Encoding Info:    Redeclaring text symbol \textonehalf (encoding TS1) on 
input line 190.
LaTeX Encoding Info:    Redeclaring text symbol \textthreequarters (encoding TS
1) on input line 191.
LaTeX Encoding Info:    Redeclaring text symbol \texteuro (encoding TS1) on inp
ut line 192.
LaTeX Encoding Info:    Redeclaring text symbol \texttimes (encoding TS1) on in
put line 193.
LaTeX Encoding Info:    Redeclaring text symbol \textdiv (encoding TS1) on inpu
t line 194.
))
\g__um_fam_int=\count305
\g__um_fonts_used_int=\count306
\l__um_primecount_int=\count307
\g__um_primekern_muskip=\muskip18

(/usr/local/texlive/2026/texmf-dist/tex/latex/unicode-math/unicode-math-table.t
ex))) (/usr/local/texlive/2026/texmf-dist/tex/latex/upquote/upquote.sty
Package: upquote 2012/04/19 v1.3 upright-quote and grave-accent glyphs in verba
tim

(/usr/local/texlive/2026/texmf-dist/tex/latex/base/textcomp.sty
Package: textcomp 2024/04/24 v2.1b Standard LaTeX package
))
(/usr/local/texlive/2026/texmf-dist/tex/latex/microtype/microtype.sty
Package: microtype 2026/03/01 v3.2d Micro-typographical refinements (RS)

(/usr/local/texlive/2026/texmf-dist/tex/latex/graphics/keyval.sty
Package: keyval 2022/05/29 v1.15 key=value parser (DPC)
\KV@toks@=\toks22
)
(/usr/local/texlive/2026/texmf-dist/tex/latex/etoolbox/etoolbox.sty
Package: etoolbox 2025/10/02 v2.5m e-TeX tools for LaTeX (JAW)
\etb@tempcnta=\count308
)
\MT@toks=\toks23
\MT@tempbox=\box55
\MT@count=\count309
LaTeX Info: Redefining \noprotrusionifhmode on input line 1084.
LaTeX Info: Redefining \leftprotrusion on input line 1085.
\MT@prot@toks=\toks24
LaTeX Info: Redefining \rightprotrusion on input line 1104.
LaTeX Info: Redefining \textls on input line 1449.
\MT@outer@kern=\dimen161
LaTeX Info: Redefining \microtypecontext on input line 2053.
LaTeX Info: Redefining \textmicrotypecontext on input line 2070.
\MT@listname@count=\count310

(/usr/local/texlive/2026/texmf-dist/tex/latex/microtype/microtype-xetex.def
File: microtype-xetex.def 2026/03/01 v3.2d Definitions specific to xetex (RS)
LaTeX Info: Redefining \lsstyle on input line 443.
LaTeX Info: Redefining \lslig on input line 451.
\MT@outer@space=\skip54
)
Package microtype Info: Loading configuration file microtype.cfg.

(/usr/local/texlive/2026/texmf-dist/tex/latex/microtype/microtype.cfg
File: microtype.cfg 2026/03/01 v3.2d microtype main configuration file (RS)
)
LaTeX Info: Redefining \microtypesetup on input line 3065.
)
(/usr/local/texlive/2026/texmf-dist/tex/latex/parskip/parskip.sty
Package: parskip 2021-03-14 v2.0h non-zero parskip adjustments

(/usr/local/texlive/2026/texmf-dist/tex/latex/kvoptions/kvoptions.sty
Package: kvoptions 2022-06-15 v3.15 Key value format for package options (HO)

(/usr/local/texlive/2026/texmf-dist/tex/generic/ltxcmds/ltxcmds.sty
Package: ltxcmds 2023-12-04 v1.26 LaTeX kernel commands for general use (HO)
)
(/usr/local/texlive/2026/texmf-dist/tex/latex/kvsetkeys/kvsetkeys.sty
Package: kvsetkeys 2022-10-05 v1.19 Key value parser (HO)
)))
(/usr/local/texlive/2026/texmf-dist/tex/latex/fancyvrb/fancyvrb.sty
Package: fancyvrb 2025/07/28 4.6 verbatim text (tvz,hv)
\FV@CodeLineNo=\count311
\FV@InFile=\read2
\FV@TabBox=\box56
\c@FancyVerbLine=\count312
\FV@StepNumber=\count313
\FV@OutFile=\write3
)
(/usr/local/texlive/2026/texmf-dist/tex/latex/tools/longtable.sty
Package: longtable 2025-10-13 v4.24 Multi-page Table package (DPC)
\LTleft=\skip55
\LTright=\skip56
\LTpre=\skip57
\LTpost=\skip58
\LTchunksize=\count314
\LTcapwidth=\dimen162
\LT@head=\box57
\LT@firsthead=\box58
\LT@foot=\box59
\LT@lastfoot=\box60
\LT@gbox=\box61
\LT@cols=\count315
\LT@rows=\count316
\c@LT@tables=\count317
\c@LT@chunks=\count318
\LT@p@ftn=\toks25
)
(/usr/local/texlive/2026/texmf-dist/tex/latex/booktabs/booktabs.sty
Package: booktabs 2020/01/12 v1.61803398 Publication quality tables
\heavyrulewidth=\dimen163
\lightrulewidth=\dimen164
\cmidrulewidth=\dimen165
\belowrulesep=\dimen166
\belowbottomsep=\dimen167
\aboverulesep=\dimen168
\abovetopsep=\dimen169
\cmidrulesep=\dimen170
\cmidrulekern=\dimen171
\defaultaddspace=\dimen172
\@cmidla=\count319
\@cmidlb=\count320
\@aboverulesep=\dimen173
\@belowrulesep=\dimen174
\@thisruleclass=\count321
\@lastruleclass=\count322
\@thisrulewidth=\dimen175
)
(/usr/local/texlive/2026/texmf-dist/tex/latex/tools/array.sty
Package: array 2025/09/25 v2.6n Tabular extension package (FMi)
\col@sep=\dimen176
\ar@mcellbox=\box62
\extrarowheight=\dimen177
\NC@list=\toks26
\extratabsurround=\skip59
\backup@length=\skip60
\ar@cellbox=\box63
)
\c@none=\count323

(/usr/local/texlive/2026/texmf-dist/tex/latex/tools/calc.sty
Package: calc 2025/03/01 v4.3b Infix arithmetic (KKT,FJ)
\calc@Acount=\count324
\calc@Bcount=\count325
\calc@Adimen=\dimen178
\calc@Bdimen=\dimen179
\calc@Askip=\skip61
\calc@Bskip=\skip62
LaTeX Info: Redefining \setlength on input line 86.
LaTeX Info: Redefining \addtolength on input line 87.
\calc@Ccount=\count326
\calc@Cskip=\skip63
)
(/usr/local/texlive/2026/texmf-dist/tex/latex/footnotehyper/footnotehyper.sty
Package: footnotehyper 2025/11/15 v1.1f hyperref aware footnote.sty (JFB)
\FNH@notes=\box64
\FNH@width=\dimen180
\FNH@toks=\toks27
)
(/usr/local/texlive/2026/texmf-dist/tex/latex/natbib/natbib.sty
Package: natbib 2010/09/13 8.31b (PWD, AO)
\bibhang=\skip64
\bibsep=\skip65
LaTeX Info: Redefining \cite on input line 694.
\c@NAT@ctr=\count327
)
(/usr/local/texlive/2026/texmf-dist/tex/latex/caption/subcaption.sty
Package: subcaption 2023/07/28 v1.6b Sub-captions (AR)

(/usr/local/texlive/2026/texmf-dist/tex/latex/caption/caption.sty
Package: caption 2023/08/05 v3.6o Customizing captions (AR)

(/usr/local/texlive/2026/texmf-dist/tex/latex/caption/caption3.sty
Package: caption3 2023/07/31 v2.4d caption3 kernel (AR)
\caption@tempdima=\dimen181
\captionmargin=\dimen182
\caption@leftmargin=\dimen183
\caption@rightmargin=\dimen184
\caption@width=\dimen185
\caption@indent=\dimen186
\caption@parindent=\dimen187
\caption@hangindent=\dimen188
Package caption Info: Standard document class detected.
)
\c@caption@flags=\count328
\c@continuedfloat=\count329
Package caption Info: longtable package is loaded.

(/usr/local/texlive/2026/texmf-dist/tex/latex/caption/ltcaption.sty
Package: ltcaption 2021/01/08 v1.4c longtable captions (AR)
))
Package caption Info: New subtype `subfigure' on input line 238.
\c@subfigure=\count330
Package caption Info: New subtype `subtable' on input line 238.
\c@subtable=\count331
)
\c@pandoccrossref@subfigures@footnote@counter=\count332

(/usr/local/texlive/2026/texmf-dist/tex/latex/float/float.sty
Package: float 2001/11/08 v1.3d Float enhancements (AL)
\c@float@type=\count333
\float@exts=\toks28
\float@box=\box65
\@float@everytoks=\toks29
\@floatcapt=\box66
)
\@float@every@codelisting=\toks30
\c@codelisting=\count334

(/usr/local/texlive/2026/texmf-dist/tex/latex/bookmark/bookmark.sty
Package: bookmark 2023-12-10 v1.31 PDF bookmarks (HO)

(/usr/local/texlive/2026/texmf-dist/tex/latex/hyperref/hyperref.sty
Package: hyperref 2026-01-29 v7.01p Hypertext links for LaTeX

(/usr/local/texlive/2026/texmf-dist/tex/generic/kvdefinekeys/kvdefinekeys.sty
Package: kvdefinekeys 2019-12-19 v1.6 Define keys (HO)
)
(/usr/local/texlive/2026/texmf-dist/tex/generic/pdfescape/pdfescape.sty
Package: pdfescape 2019/12/09 v1.15 Implements pdfTeX's escape features (HO)

(/usr/local/texlive/2026/texmf-dist/tex/generic/pdftexcmds/pdftexcmds.sty
Package: pdftexcmds 2020-06-27 v0.33 Utility functions of pdfTeX for LuaTeX (HO
)

(/usr/local/texlive/2026/texmf-dist/tex/generic/infwarerr/infwarerr.sty
Package: infwarerr 2019/12/03 v1.5 Providing info/warning/error messages (HO)
)
Package pdftexcmds Info: \pdf@primitive is available.
Package pdftexcmds Info: \pdf@ifprimitive is available.
Package pdftexcmds Info: \pdfdraftmode not found.
))
(/usr/local/texlive/2026/texmf-dist/tex/latex/hycolor/hycolor.sty
Package: hycolor 2020-01-27 v1.10 Color options for hyperref/bookmark (HO)
)
(/usr/local/texlive/2026/texmf-dist/tex/latex/hyperref/nameref.sty
Package: nameref 2026-01-29 v2.58 Cross-referencing by name of section

(/usr/local/texlive/2026/texmf-dist/tex/latex/refcount/refcount.sty
Package: refcount 2019/12/15 v3.6 Data extraction from label references (HO)
)
(/usr/local/texlive/2026/texmf-dist/tex/generic/gettitlestring/gettitlestring.s
ty
Package: gettitlestring 2019/12/15 v1.6 Cleanup title references (HO)
)
\c@section@level=\count335
) (/usr/local/texlive/2026/texmf-dist/tex/generic/stringenc/stringenc.sty
Package: stringenc 2019/11/29 v1.12 Convert strings between diff. encodings (HO
)
)
\@linkdim=\dimen189
\Hy@linkcounter=\count336
\Hy@pagecounter=\count337

(/usr/local/texlive/2026/texmf-dist/tex/latex/hyperref/pd1enc.def
File: pd1enc.def 2026-01-29 v7.01p Hyperref: PDFDocEncoding definition (HO)
)
(/usr/local/texlive/2026/texmf-dist/tex/generic/intcalc/intcalc.sty
Package: intcalc 2019/12/15 v1.3 Expandable calculations with integers (HO)
)
\Hy@SavedSpaceFactor=\count338

(/usr/local/texlive/2026/texmf-dist/tex/latex/hyperref/puenc.def
File: puenc.def 2026-01-29 v7.01p Hyperref: PDF Unicode definition (HO)
)
Package hyperref Info: Option `unicode' set `true' on input line 4072.
Package hyperref Info: Hyper figures OFF on input line 4201.
Package hyperref Info: Link nesting OFF on input line 4206.
Package hyperref Info: Hyper index ON on input line 4209.
Package hyperref Info: Plain pages OFF on input line 4216.
Package hyperref Info: Backreferencing OFF on input line 4221.
Package hyperref Info: Implicit mode ON; LaTeX internals redefined.
Package hyperref Info: Bookmarks ON on input line 4468.
\c@Hy@tempcnt=\count339

(/usr/local/texlive/2026/texmf-dist/tex/latex/url/url.sty
\Urlmuskip=\muskip19
Package: url 2013/09/16  ver 3.4  Verb mode for urls, etc.
)
LaTeX Info: Redefining \url on input line 4807.
\XeTeXLinkMargin=\dimen190

(/usr/local/texlive/2026/texmf-dist/tex/generic/bitset/bitset.sty
Package: bitset 2019/12/09 v1.3 Handle bit-vector datatype (HO)

(/usr/local/texlive/2026/texmf-dist/tex/generic/bigintcalc/bigintcalc.sty
Package: bigintcalc 2019/12/15 v1.5 Expandable calculations on big integers (HO
)
))
\Fld@menulength=\count340
\Field@Width=\dimen191
\Fld@charsize=\dimen192
Package hyperref Info: Hyper figures OFF on input line 6084.
Package hyperref Info: Link nesting OFF on input line 6089.
Package hyperref Info: Hyper index ON on input line 6092.
Package hyperref Info: backreferencing OFF on input line 6099.
Package hyperref Info: Link coloring OFF on input line 6104.
Package hyperref Info: Link coloring with OCG OFF on input line 6109.
Package hyperref Info: PDF/A mode OFF on input line 6114.
\Hy@abspage=\count341
\c@Item=\count342
\c@Hfootnote=\count343
)
Package hyperref Info: Driver (autodetected): hxetex.

(/usr/local/texlive/2026/texmf-dist/tex/latex/hyperref/hxetex.def
File: hxetex.def 2026-01-29 v7.01p Hyperref driver for XeTeX
\pdfm@box=\box67
\c@Hy@AnnotLevel=\count344
\HyField@AnnotCount=\count345
\Fld@listcount=\count346
\c@bookmark@seq@number=\count347

(/usr/local/texlive/2026/texmf-dist/tex/latex/rerunfilecheck/rerunfilecheck.sty
Package: rerunfilecheck 2025-06-21 v1.11 Rerun checks for auxiliary files (HO)

(/usr/local/texlive/2026/texmf-dist/tex/generic/uniquecounter/uniquecounter.sty
Package: uniquecounter 2019/12/15 v1.4 Provide unlimited unique counter (HO)
)
Package uniquecounter Info: New unique counter `rerunfilecheck' on input line 2
84.
)
\Hy@SectionHShift=\skip66
) (/usr/local/texlive/2026/texmf-dist/tex/latex/bookmark/bkm-dvipdfm.def
File: bkm-dvipdfm.def 2023-12-10 v1.31 bookmark driver for dvipdfm (HO)
\BKM@id=\count348
))
(/usr/local/texlive/2026/texmf-dist/tex/latex/xurl/xurl.sty
Package: xurl 2022/01/09 v 0.10 modify URL breaks
)
Package hyperref Info: Option `colorlinks' set `true' on input line 132.

(/usr/local/texlive/2026/texmf-dist/tex/latex/seqsplit/seqsplit.sty
Package: seqsplit 2006/08/07 v0.1 Splitting long sequences (DNA, RNA, proteins,
 etc.) 
)
(/usr/local/texlive/2026/texmf-dist/tex/latex/geometry/geometry.sty
Package: geometry 2026/03/07 v6.0 Page Geometry

(/usr/local/texlive/2026/texmf-dist/tex/generic/iftex/ifvtex.sty
Package: ifvtex 2019/10/25 v1.7 ifvtex legacy package. Use iftex instead.
)
\Gm@cnth=\count349
\Gm@cntv=\count350
\c@Gm@tempcnt=\count351
\Gm@bindingoffset=\dimen193
\Gm@wd@mp=\dimen194
\Gm@odd@mp=\dimen195
\Gm@even@mp=\dimen196
\Gm@layoutwidth=\dimen197
\Gm@layoutheight=\dimen198
\Gm@layouthoffset=\dimen199
\Gm@layoutvoffset=\dimen256
\Gm@dimlist=\toks31
)

Package fontspec Info: 
(fontspec)             STIX Two Text scale = 0.9112024414005794.


Package fontspec Info: 
(fontspec)             STIX Two Text scale = 1.


Package fontspec Info: 
(fontspec)             Could not resolve font "STIX Two Text/B" (it probably
(fontspec)             doesn't exist).


Package fontspec Info: 
(fontspec)             STIX Two Text scale = 0.9112024414005794.


Package fontspec Info: 
(fontspec)             STIX Two Text scale = 1.


Package fontspec Info: 
(fontspec)             STIX Two Text scale = 0.9112024414005794.


Package fontspec Info: 
(fontspec)             STIX Two Text scale = 1.


Package fontspec Info: 
(fontspec)             STIX Two Text/I scale = 0.9229090291255791.


Package fontspec Info: 
(fontspec)             STIX Two Text/I scale = 1.


Package fontspec Info: 
(fontspec)             STIX Two Text/I scale = 0.9229090291255791.


Package fontspec Info: 
(fontspec)             STIX Two Text/I scale = 1.


Package fontspec Info: 
(fontspec)             STIX Two Text/BI scale = 0.9229090291255791.


Package fontspec Info: 
(fontspec)             STIX Two Text/BI scale = 1.


Package fontspec Info: 
(fontspec)             STIX Two Text/BI scale = 0.9229090291255791.


Package fontspec Info: 
(fontspec)             STIX Two Text/BI scale = 1.


Package fontspec Info: 
(fontspec)             Font family 'STIXTwoText(0)' created for font 'STIX Two
(fontspec)             Text' with options
(fontspec)             [Scale=MatchLowercase,Ligatures=TeX,Scale=1].
(fontspec)              
(fontspec)              This font family consists of the following NFSS
(fontspec)             series/shapes:
(fontspec)              
(fontspec)             - 'normal' (m/n) with NFSS spec.: <->s*[1]"STIX Two
(fontspec)             Text/OT:script=latn;language=dflt;mapping=tex-text;"
(fontspec)             - 'small caps'  (m/sc) with NFSS spec.: <->s*[1]"STIX
(fontspec)             Two
(fontspec)             Text/OT:script=latn;language=dflt;+smcp;mapping=tex-text
;"
(fontspec)             - 'italic' (m/it) with NFSS spec.: <->s*[1]"STIX Two
(fontspec)             Text/I/OT:script=latn;language=dflt;mapping=tex-text;"
(fontspec)             - 'italic small caps'  (m/scit) with NFSS spec.:
(fontspec)             <->s*[1]"STIX Two
(fontspec)             Text/I/OT:script=latn;language=dflt;+smcp;mapping=tex-te
xt;"
(fontspec)             - 'bold italic' (b/it) with NFSS spec.: <->s*[1]"STIX
(fontspec)             Two
(fontspec)             Text/BI/OT:script=latn;language=dflt;mapping=tex-text;"
(fontspec)             - 'bold italic small caps'  (b/scit) with NFSS spec.:
(fontspec)             <->s*[1]"STIX Two
(fontspec)             Text/BI/OT:script=latn;language=dflt;+smcp;mapping=tex-t
ext;"

LaTeX Font Info:    Font shape `TU/STIXTwoText(0)/m/n' will be
(Font)              scaled to size 10.0pt on input line 179.

Package fontspec Info: 
(fontspec)             STIX Two Text scale = 0.9999967740478601.


Package fontspec Info: 
(fontspec)             Could not resolve font "STIX Two Text/B" (it probably
(fontspec)             doesn't exist).


Package fontspec Info: 
(fontspec)             STIX Two Text scale = 0.9999967740478601.


Package fontspec Info: 
(fontspec)             STIX Two Text scale = 0.9999967740478601.


Package fontspec Info: 
(fontspec)             STIX Two Text/I scale = 1.012844138616061.


Package fontspec Info: 
(fontspec)             STIX Two Text/I scale = 1.012844138616061.


Package fontspec Info: 
(fontspec)             STIX Two Text/BI scale = 1.012844138616061.


Package fontspec Info: 
(fontspec)             STIX Two Text/BI scale = 1.012844138616061.


Package fontspec Info: 
(fontspec)             Font family 'STIXTwoText(1)' created for font 'STIX Two
(fontspec)             Text' with options [Scale=MatchLowercase].
(fontspec)              
(fontspec)              This font family consists of the following NFSS
(fontspec)             series/shapes:
(fontspec)              
(fontspec)             - 'normal' (m/n) with NFSS spec.:
(fontspec)             <->s*[0.9999967740478601]"STIX Two
(fontspec)             Text/OT:script=latn;language=dflt;"
(fontspec)             - 'small caps'  (m/sc) with NFSS spec.:
(fontspec)             <->s*[0.9999967740478601]"STIX Two
(fontspec)             Text/OT:script=latn;language=dflt;+smcp;"
(fontspec)             - 'italic' (m/it) with NFSS spec.:
(fontspec)             <->s*[1.012844138616061]"STIX Two
(fontspec)             Text/I/OT:script=latn;language=dflt;"
(fontspec)             - 'italic small caps'  (m/scit) with NFSS spec.:
(fontspec)             <->s*[1.012844138616061]"STIX Two
(fontspec)             Text/I/OT:script=latn;language=dflt;+smcp;"
(fontspec)             - 'bold italic' (b/it) with NFSS spec.:
(fontspec)             <->s*[1.012844138616061]"STIX Two
(fontspec)             Text/BI/OT:script=latn;language=dflt;"
(fontspec)             - 'bold italic small caps'  (b/scit) with NFSS spec.:
(fontspec)             <->s*[1.012844138616061]"STIX Two
(fontspec)             Text/BI/OT:script=latn;language=dflt;+smcp;"

LaTeX Font Info:    Overwriting math alphabet `\mathrm' in version `normal'
(Font)                  OT1/cmr/m/n --> TU/STIXTwoText(1)/m/n on input line 179
.
LaTeX Font Info:    Overwriting math alphabet `\mathit' in version `normal'
(Font)                  OT1/cmr/m/it --> TU/STIXTwoText(1)/m/it on input line 1
79.
LaTeX Font Info:    Overwriting math alphabet `\mathbf' in version `normal'
(Font)                  OT1/cmr/bx/n --> TU/STIXTwoText(1)/b/n on input line 17
9.

Package fontspec Info: 
(fontspec)             Arial scale = 0.912147151167752.


Package fontspec Info: 
(fontspec)             Arial scale = 0.912147151167752.


Package fontspec Info: 
(fontspec)             Arial/B scale = 0.912147151167752.


Package fontspec Info: 
(fontspec)             Arial/I scale = 0.912147151167752.


Package fontspec Info: 
(fontspec)             Arial/BI scale = 0.912147151167752.


Package fontspec Info: 
(fontspec)             Font family 'Arial(0)' created for font 'Arial' with
(fontspec)             options [Scale=MatchLowercase,Ligatures=TeX].
(fontspec)              
(fontspec)              This font family consists of the following NFSS
(fontspec)             series/shapes:
(fontspec)              
(fontspec)             - 'normal' (m/n) with NFSS spec.:
(fontspec)             <->s*[0.912147151167752]"Arial/OT:script=latn;language=d
flt;mapping=tex-text;"
(fontspec)             - 'bold' (b/n) with NFSS spec.:
(fontspec)             <->s*[0.912147151167752]"Arial/B/OT:script=latn;language
=dflt;mapping=tex-text;"
(fontspec)             - 'italic' (m/it) with NFSS spec.:
(fontspec)             <->s*[0.912147151167752]"Arial/I/OT:script=latn;language
=dflt;mapping=tex-text;"
(fontspec)             - 'bold italic' (b/it) with NFSS spec.:
(fontspec)             <->s*[0.912147151167752]"Arial/BI/OT:script=latn;languag
e=dflt;mapping=tex-text;"


Package fontspec Info: 
(fontspec)             Arial scale = 0.912147151167752.


Package fontspec Info: 
(fontspec)             Arial scale = 0.912147151167752.


Package fontspec Info: 
(fontspec)             Arial/B scale = 0.912147151167752.


Package fontspec Info: 
(fontspec)             Arial/I scale = 0.912147151167752.


Package fontspec Info: 
(fontspec)             Arial/BI scale = 0.912147151167752.


Package fontspec Info: 
(fontspec)             Font family 'Arial(1)' created for font 'Arial' with
(fontspec)             options [Scale=MatchLowercase].
(fontspec)              
(fontspec)              This font family consists of the following NFSS
(fontspec)             series/shapes:
(fontspec)              
(fontspec)             - 'normal' (m/n) with NFSS spec.:
(fontspec)             <->s*[0.912147151167752]"Arial/OT:script=latn;language=d
flt;"
(fontspec)             - 'bold' (b/n) with NFSS spec.:
(fontspec)             <->s*[0.912147151167752]"Arial/B/OT:script=latn;language
=dflt;"
(fontspec)             - 'italic' (m/it) with NFSS spec.:
(fontspec)             <->s*[0.912147151167752]"Arial/I/OT:script=latn;language
=dflt;"
(fontspec)             - 'bold italic' (b/it) with NFSS spec.:
(fontspec)             <->s*[0.912147151167752]"Arial/BI/OT:script=latn;languag
e=dflt;"

LaTeX Font Info:    Overwriting math alphabet `\mathsf' in version `normal'
(Font)                  OT1/cmss/m/n --> TU/Arial(1)/m/n on input line 182.
LaTeX Font Info:    Overwriting math alphabet `\mathsf' in version `bold'
(Font)                  OT1/cmss/bx/n --> TU/Arial(1)/b/n on input line 182.

Package fontspec Info: 
(fontspec)             Menlo scale = 0.868154550190163.


Package fontspec Info: 
(fontspec)             Menlo scale = 0.82.


Package fontspec Info: 
(fontspec)             Menlo scale = 0.868154550190163.


Package fontspec Info: 
(fontspec)             Menlo scale = 0.82.


Package fontspec Info: 
(fontspec)             Menlo/B scale = 0.868154550190163.


Package fontspec Info: 
(fontspec)             Menlo/B scale = 0.82.


Package fontspec Info: 
(fontspec)             Menlo/I scale = 0.868154550190163.


Package fontspec Info: 
(fontspec)             Menlo/I scale = 0.82.


Package fontspec Info: 
(fontspec)             Menlo/BI scale = 0.868154550190163.


Package fontspec Info: 
(fontspec)             Menlo/BI scale = 0.82.


Package fontspec Info: 
(fontspec)             Font family 'Menlo(0)' created for font 'Menlo' with
(fontspec)             options
(fontspec)             [Scale=MatchLowercase,WordSpace={1,0,0},HyphenChar=None,
PunctuationSpace=WordSpace,Scale=0.82].
(fontspec)              
(fontspec)              This font family consists of the following NFSS
(fontspec)             series/shapes:
(fontspec)              
(fontspec)             - 'normal' (m/n) with NFSS spec.:
(fontspec)             <->s*[0.82]"Menlo/AAT"
(fontspec)             - 'bold' (b/n) with NFSS spec.:
(fontspec)             <->s*[0.82]"Menlo/B/AAT"
(fontspec)             - 'italic' (m/it) with NFSS spec.:
(fontspec)             <->s*[0.82]"Menlo/I/AAT"
(fontspec)             - 'bold italic' (b/it) with NFSS spec.:
(fontspec)             <->s*[0.82]"Menlo/BI/AAT"


Package fontspec Info: 
(fontspec)             Menlo scale = 0.868154550190163.


Package fontspec Info: 
(fontspec)             Menlo scale = 0.82.


Package fontspec Info: 
(fontspec)             Menlo scale = 0.868154550190163.


Package fontspec Info: 
(fontspec)             Menlo scale = 0.82.


Package fontspec Info: 
(fontspec)             Menlo/B scale = 0.868154550190163.


Package fontspec Info: 
(fontspec)             Menlo/B scale = 0.82.


Package fontspec Info: 
(fontspec)             Menlo/I scale = 0.868154550190163.


Package fontspec Info: 
(fontspec)             Menlo/I scale = 0.82.


Package fontspec Info: 
(fontspec)             Menlo/BI scale = 0.868154550190163.


Package fontspec Info: 
(fontspec)             Menlo/BI scale = 0.82.


Package fontspec Info: 
(fontspec)             Font family 'Menlo(1)' created for font 'Menlo' with
(fontspec)             options [Scale=MatchLowercase,Scale=0.82].
(fontspec)              
(fontspec)              This font family consists of the following NFSS
(fontspec)             series/shapes:
(fontspec)              
(fontspec)             - 'normal' (m/n) with NFSS spec.:
(fontspec)             <->s*[0.82]"Menlo/AAT"
(fontspec)             - 'bold' (b/n) with NFSS spec.:
(fontspec)             <->s*[0.82]"Menlo/B/AAT"
(fontspec)             - 'italic' (m/it) with NFSS spec.:
(fontspec)             <->s*[0.82]"Menlo/I/AAT"
(fontspec)             - 'bold italic' (b/it) with NFSS spec.:
(fontspec)             <->s*[0.82]"Menlo/BI/AAT"

LaTeX Font Info:    Overwriting math alphabet `\mathtt' in version `normal'
(Font)                  OT1/cmtt/m/n --> TU/Menlo(1)/m/n on input line 185.
LaTeX Font Info:    Overwriting math alphabet `\mathtt' in version `bold'
(Font)                  OT1/cmtt/m/n --> TU/Menlo(1)/b/n on input line 185.
LaTeX Font Info:    Font shape `TU/STIXTwoText(0)/m/n' will be
(Font)              scaled to size 9.0pt on input line 205.

Package fontspec Info: 
(fontspec)             STIX Two Math scale = 0.9999964156164424.


Package fontspec Info: 
(fontspec)             Could not resolve font "STIX Two Math/B" (it probably
(fontspec)             doesn't exist).


Package fontspec Info: 
(fontspec)             STIX Two Math scale = 0.9999964156164424.


Package fontspec Info: 
(fontspec)             Font family 'STIXTwoMath(0)' created for font 'STIX Two
(fontspec)             Math' with options
(fontspec)             [Scale=MatchLowercase,BoldItalicFont={},ItalicFont={},Sm
allCapsFont={},Script=Math].
(fontspec)              
(fontspec)              This font family consists of the following NFSS
(fontspec)             series/shapes:
(fontspec)              
(fontspec)             - 'normal' (m/n) with NFSS spec.:
(fontspec)             <->s*[0.9999964156164424]"STIX Two
(fontspec)             Math/OT:script=math;language=dflt;"

LaTeX Font Info:    Font shape `TU/STIXTwoMath(0)/m/n' will be
(Font)              scaled to size 9.0pt on input line 213.

Package fontspec Info: 
(fontspec)             STIX Two Math scale = 0.9999964156164424.


Package fontspec Info: 
(fontspec)             Could not resolve font "STIX Two Math/B" (it probably
(fontspec)             doesn't exist).


Package fontspec Info: 
(fontspec)             STIX Two Math scale = 0.9999964156164424.


Package fontspec Info: 
(fontspec)             STIX Two Math scale = 0.9999964156164424.


Package fontspec Info: 
(fontspec)             STIX Two Math scale = 0.9999964156164424.


Package fontspec Info: 
(fontspec)             Font family 'STIXTwoMath(1)' created for font 'STIX Two
(fontspec)             Math' with options
(fontspec)             [Scale=MatchLowercase,BoldItalicFont={},ItalicFont={},Sm
allCapsFont={},Script=Math,SizeFeatures={{Size=7.65-},{Size=5.625-7.65,Font=STI
X
(fontspec)             Two Math,Style=MathScript},{Size=-5.625,Font=STIX Two
(fontspec)             Math,Style=MathScriptScript}}].
(fontspec)              
(fontspec)              This font family consists of the following NFSS
(fontspec)             series/shapes:
(fontspec)              
(fontspec)             - 'normal' (m/n) with NFSS spec.:
(fontspec)             <7.65->s*[0.9999964156164424]"STIX Two
(fontspec)             Math/OT:script=math;language=dflt;"<5.625-7.65>s*[0.9999
964156164424]"STIX
(fontspec)             Two
(fontspec)             Math/OT:script=math;language=dflt;+ssty=0;"<-5.625>s*[0.
9999964156164424]"STIX
(fontspec)             Two Math/OT:script=math;language=dflt;+ssty=1;"

LaTeX Font Info:    Font shape `TU/STIXTwoMath(1)/m/n' will be
(Font)              scaled to size 9.0pt on input line 213.
LaTeX Font Info:    Encoding `OT1' has changed to `TU' for symbol font
(Font)              `operators' in the math version `normal' on input line 213.

LaTeX Font Info:    Overwriting symbol font `operators' in version `normal'
(Font)                  OT1/cmr/m/n --> TU/STIXTwoMath(1)/m/n on input line 213
.
LaTeX Font Info:    Encoding `OT1' has changed to `TU' for symbol font
(Font)              `operators' in the math version `bold' on input line 213.
LaTeX Font Info:    Overwriting symbol font `operators' in version `bold'
(Font)                  OT1/cmr/bx/n --> TU/STIXTwoMath(1)/b/n on input line 21
3.

Package fontspec Info: 
(fontspec)             STIX Two Math scale = 0.9999964156164424.


Package fontspec Info: 
(fontspec)             STIX Two Math scale = 1.000096415258004.


Package fontspec Info: 
(fontspec)             Could not resolve font "STIX Two Math/B" (it probably
(fontspec)             doesn't exist).


Package fontspec Info: 
(fontspec)             STIX Two Math scale = 0.9999964156164424.


Package fontspec Info: 
(fontspec)             STIX Two Math scale = 1.000096415258004.


Package fontspec Info: 
(fontspec)             STIX Two Math scale = 0.9999964156164424.


Package fontspec Info: 
(fontspec)             STIX Two Math scale = 1.000096415258004.


Package fontspec Info: 
(fontspec)             STIX Two Math scale = 0.9999964156164424.


Package fontspec Info: 
(fontspec)             STIX Two Math scale = 1.000096415258004.


Package fontspec Info: 
(fontspec)             Font family 'STIXTwoMath(2)' created for font 'STIX Two
(fontspec)             Math' with options
(fontspec)             [Scale=MatchLowercase,BoldItalicFont={},ItalicFont={},Sm
allCapsFont={},Script=Math,SizeFeatures={{Size=7.65-},{Size=5.625-7.65,Font=STI
X
(fontspec)             Two Math,Style=MathScript},{Size=-5.625,Font=STIX Two
(fontspec)             Math,Style=MathScriptScript}},ScaleAgain=1.0001,FontAdju
stment={\fontdimen
(fontspec)             8\font =5.76pt\relax \fontdimen 9\font =5.265pt\relax
(fontspec)             \fontdimen 10\font =4.23pt\relax \fontdimen 11\font
(fontspec)             =5.76pt\relax \fontdimen 12\font =5.265pt\relax
(fontspec)             \fontdimen 13\font =3.24pt\relax \fontdimen 14\font
(fontspec)             =3.24pt\relax \fontdimen 15\font =2.268pt\relax
(fontspec)             \fontdimen 16\font =1.89pt\relax \fontdimen 17\font
(fontspec)             =1.89pt\relax \fontdimen 18\font =2.07pt\relax
(fontspec)             \fontdimen 19\font =1.44pt\relax \fontdimen 22\font
(fontspec)             =2.322pt\relax \fontdimen 20\font =0pt\relax \fontdimen
(fontspec)             21\font =0pt\relax }].
(fontspec)              
(fontspec)              This font family consists of the following NFSS
(fontspec)             series/shapes:
(fontspec)              
(fontspec)             - 'normal' (m/n) with NFSS spec.:
(fontspec)             <7.65->s*[1.000096415258004]"STIX Two
(fontspec)             Math/OT:script=math;language=dflt;"<5.625-7.65>s*[1.0000
96415258004]"STIX
(fontspec)             Two
(fontspec)             Math/OT:script=math;language=dflt;+ssty=0;"<-5.625>s*[1.
000096415258004]"STIX
(fontspec)             Two Math/OT:script=math;language=dflt;+ssty=1;"

LaTeX Font Info:    Encoding `OMS' has changed to `TU' for symbol font
(Font)              `symbols' in the math version `normal' on input line 213.
LaTeX Font Info:    Overwriting symbol font `symbols' in version `normal'
(Font)                  OMS/cmsy/m/n --> TU/STIXTwoMath(2)/m/n on input line 21
3.
LaTeX Font Info:    Encoding `OMS' has changed to `TU' for symbol font
(Font)              `symbols' in the math version `bold' on input line 213.
LaTeX Font Info:    Overwriting symbol font `symbols' in version `bold'
(Font)                  OMS/cmsy/b/n --> TU/STIXTwoMath(2)/b/n on input line 21
3.

Package fontspec Info: 
(fontspec)             STIX Two Math scale = 0.9999964156164424.


Package fontspec Info: 
(fontspec)             STIX Two Math scale = 0.9998964159748808.


Package fontspec Info: 
(fontspec)             Could not resolve font "STIX Two Math/B" (it probably
(fontspec)             doesn't exist).


Package fontspec Info: 
(fontspec)             STIX Two Math scale = 0.9999964156164424.


Package fontspec Info: 
(fontspec)             STIX Two Math scale = 0.9998964159748808.


Package fontspec Info: 
(fontspec)             STIX Two Math scale = 0.9999964156164424.


Package fontspec Info: 
(fontspec)             STIX Two Math scale = 0.9998964159748808.


Package fontspec Info: 
(fontspec)             STIX Two Math scale = 0.9999964156164424.


Package fontspec Info: 
(fontspec)             STIX Two Math scale = 0.9998964159748808.


Package fontspec Info: 
(fontspec)             Font family 'STIXTwoMath(3)' created for font 'STIX Two
(fontspec)             Math' with options
(fontspec)             [Scale=MatchLowercase,BoldItalicFont={},ItalicFont={},Sm
allCapsFont={},Script=Math,SizeFeatures={{Size=7.65-},{Size=5.625-7.65,Font=STI
X
(fontspec)             Two Math,Style=MathScript},{Size=-5.625,Font=STIX Two
(fontspec)             Math,Style=MathScriptScript}},ScaleAgain=0.9999,FontAdju
stment={\fontdimen
(fontspec)             8\font =0.612pt\relax \fontdimen 9\font =1.215pt\relax
(fontspec)             \fontdimen 10\font =1.215pt\relax \fontdimen 11\font
(fontspec)             =2.7pt\relax \fontdimen 12\font =6.03pt\relax
(fontspec)             \fontdimen 13\font =0pt\relax }].
(fontspec)              
(fontspec)              This font family consists of the following NFSS
(fontspec)             series/shapes:
(fontspec)              
(fontspec)             - 'normal' (m/n) with NFSS spec.:
(fontspec)             <7.65->s*[0.9998964159748808]"STIX Two
(fontspec)             Math/OT:script=math;language=dflt;"<5.625-7.65>s*[0.9998
964159748808]"STIX
(fontspec)             Two
(fontspec)             Math/OT:script=math;language=dflt;+ssty=0;"<-5.625>s*[0.
9998964159748808]"STIX
(fontspec)             Two Math/OT:script=math;language=dflt;+ssty=1;"

LaTeX Font Info:    Encoding `OMX' has changed to `TU' for symbol font
(Font)              `largesymbols' in the math version `normal' on input line 2
13.
LaTeX Font Info:    Overwriting symbol font `largesymbols' in version `normal'
(Font)                  OMX/cmex/m/n --> TU/STIXTwoMath(3)/m/n on input line 21
3.
LaTeX Font Info:    Encoding `OMX' has changed to `TU' for symbol font
(Font)              `largesymbols' in the math version `bold' on input line 213
.
LaTeX Font Info:    Overwriting symbol font `largesymbols' in version `bold'
(Font)                  OMX/cmex/m/n --> TU/STIXTwoMath(3)/b/n on input line 21
3.

(/usr/local/texlive/2026/texmf-dist/tex/latex/cleveref/cleveref.sty
Package: cleveref 2018/03/27 v0.21.4 Intelligent cross-referencing
Package cleveref Info: `hyperref' support loaded on input line 2370.
LaTeX Info: Redefining \cref on input line 2370.
LaTeX Info: Redefining \Cref on input line 2370.
LaTeX Info: Redefining \crefrange on input line 2370.
LaTeX Info: Redefining \Crefrange on input line 2370.
LaTeX Info: Redefining \cpageref on input line 2370.
LaTeX Info: Redefining \Cpageref on input line 2370.
LaTeX Info: Redefining \cpagerefrange on input line 2370.
LaTeX Info: Redefining \Cpagerefrange on input line 2370.
LaTeX Info: Redefining \labelcref on input line 2370.
LaTeX Info: Redefining \labelcpageref on input line 2370.
Package cleveref Info: always capitalise cross-reference names on input line 78
25.
Package cleveref Info: always capitalise cross-reference names on input line 78
52.
Package cleveref Info: no abbreviation of names on input line 7852.
)
==> First Aid for cleveref.sty applied!
(/usr/local/texlive/2026/texmf-dist/tex/latex/graphics/graphicx.sty
Package: graphicx 2024/12/31 v1.2e Enhanced LaTeX Graphics (DPC,SPQR)

(/usr/local/texlive/2026/texmf-dist/tex/latex/graphics/graphics.sty
Package: graphics 2024/08/06 v1.4g Standard LaTeX Graphics (DPC,SPQR)

(/usr/local/texlive/2026/texmf-dist/tex/latex/graphics/trig.sty
Package: trig 2023/12/02 v1.11 sin cos tan (DPC)
)
(/usr/local/texlive/2026/texmf-dist/tex/latex/graphics-cfg/graphics.cfg
File: graphics.cfg 2016/06/04 v1.11 sample graphics configuration
)
Package graphics Info: Driver file: xetex.def on input line 106.
)
\Gin@req@height=\dimen257
\Gin@req@width=\dimen258
)
(/usr/local/texlive/2026/texmf-dist/tex/latex/titlesec/titlesec.sty
Package: titlesec 2025/01/04 v2.17 Sectioning titles
\ttl@box=\box68
\beforetitleunit=\skip67
\aftertitleunit=\skip68
\ttl@plus=\dimen259
\ttl@minus=\dimen260
\ttl@toksa=\toks32
\titlewidth=\dimen261
\titlewidthlast=\dimen262
\titlewidthfirst=\dimen263
)
(/usr/local/texlive/2026/texmf-dist/tex/latex/tocloft/tocloft.sty
Package: tocloft 2017/08/31 v2.3i parameterised ToC, etc., typesetting
Package tocloft Info: The document has section divisions on input line 51.
\cftparskip=\skip69
\cftbeforetoctitleskip=\skip70
\cftaftertoctitleskip=\skip71
\cftbeforepartskip=\skip72
\cftpartnumwidth=\skip73
\cftpartindent=\skip74
\cftbeforesecskip=\skip75
\cftsecindent=\skip76
\cftsecnumwidth=\skip77
\cftbeforesubsecskip=\skip78
\cftsubsecindent=\skip79
\cftsubsecnumwidth=\skip80
\cftbeforesubsubsecskip=\skip81
\cftsubsubsecindent=\skip82
\cftsubsubsecnumwidth=\skip83
\cftbeforeparaskip=\skip84
\cftparaindent=\skip85
\cftparanumwidth=\skip86
\cftbeforesubparaskip=\skip87
\cftsubparaindent=\skip88
\cftsubparanumwidth=\skip89
\cftbeforeloftitleskip=\skip90
\cftafterloftitleskip=\skip91
\cftbeforefigskip=\skip92
\cftfigindent=\skip93
\cftfignumwidth=\skip94
\c@lofdepth=\count352
\c@lotdepth=\count353
\cftbeforelottitleskip=\skip95
\cftafterlottitleskip=\skip96
\cftbeforetabskip=\skip97
\cfttabindent=\skip98
\cfttabnumwidth=\skip99


Package tocloft Warning: \@starttoc has already been redefined; tocloft bailing
 out. on input line 1156.

) (/usr/local/texlive/2026/texmf-dist/tex/latex/setspace/setspace.sty
Package: setspace 2022/12/04 v6.7b set line spacing
)
(/usr/local/texlive/2026/texmf-dist/tex/latex/fancyhdr/fancyhdr.sty
Package: fancyhdr 2025/02/07 v5.2 Extensive control of page headers and footers

\f@nch@headwidth=\skip100
\f@nch@offset@elh=\skip101
\f@nch@offset@erh=\skip102
\f@nch@offset@olh=\skip103
\f@nch@offset@orh=\skip104
\f@nch@offset@elf=\skip105
\f@nch@offset@erf=\skip106
\f@nch@offset@olf=\skip107
\f@nch@offset@orf=\skip108
\f@nch@height=\skip109
\f@nch@footalignment=\skip110
\f@nch@widthL=\skip111
\f@nch@widthC=\skip112
\f@nch@widthR=\skip113
\@temptokenb=\toks33
)
(./_combined_manuscript.aux)
\openout1 = `_combined_manuscript.aux'.

LaTeX Font Info:    Checking defaults for OML/cmm/m/it on input line 307.
LaTeX Font Info:    ... okay on input line 307.
LaTeX Font Info:    Checking defaults for OMS/cmsy/m/n on input line 307.
LaTeX Font Info:    ... okay on input line 307.
LaTeX Font Info:    Checking defaults for OT1/cmr/m/n on input line 307.
LaTeX Font Info:    ... okay on input line 307.
LaTeX Font Info:    Checking defaults for T1/cmr/m/n on input line 307.
LaTeX Font Info:    ... okay on input line 307.
LaTeX Font Info:    Checking defaults for TS1/cmr/m/n on input line 307.
LaTeX Font Info:    ... okay on input line 307.
LaTeX Font Info:    Checking defaults for TU/lmr/m/n on input line 307.
LaTeX Font Info:    ... okay on input line 307.
LaTeX Font Info:    Checking defaults for OMX/cmex/m/n on input line 307.
LaTeX Font Info:    ... okay on input line 307.
LaTeX Font Info:    Checking defaults for U/cmr/m/n on input line 307.
LaTeX Font Info:    ... okay on input line 307.
LaTeX Font Info:    Checking defaults for PD1/pdf/m/n on input line 307.
LaTeX Font Info:    ... okay on input line 307.
LaTeX Font Info:    Checking defaults for PU/pdf/m/n on input line 307.
LaTeX Font Info:    ... okay on input line 307.
LaTeX Info: Redefining \microtypecontext on input line 307.
Package microtype Info: Applying patch `item' on input line 307.
Package microtype Info: Applying patch `toc' on input line 307.
Package microtype Info: Applying patch `eqnum' on input line 307.


Package microtype Warning: Unable to apply patch `footnote' on input line 307.

Package microtype Info: Applying patch `verbatim' on input line 307.
LaTeX Info: Redefining \microtypesetup on input line 307.
Package microtype Info: Character protrusion enabled (level 2).
Package microtype Info: Using protrusion set `basicmath'.
Package microtype Info: No adjustment of tracking.
Package microtype Info: No adjustment of spacing.
Package microtype Info: No adjustment of kerning.
Package microtype Info: Loading generic protrusion settings for font family
(microtype)             `STIXTwoText' (encoding: TU).
(microtype)             For optimal results, create family-specific settings.
(microtype)             See the microtype manual for details.
Package footnotehyper Info: Using the \@makefntext{} approach (see doc).
(footnotehyper)    In case of dysfunctional footnote environments, you can
(footnotehyper)    try sending the author a small illustrative document.
(footnotehyper)    To turn off this message, add \footnotehyperwarnfalse
(footnotehyper)    to the preamble.
Package caption Info: Begin \AtBeginDocument code.
Package caption Info: float package is loaded.
Package caption Info: hyperref package is loaded.
Package caption Info: End \AtBeginDocument code.
Package hyperref Info: Link coloring ON on input line 307.
*geometry* driver: auto-detecting
*geometry* detected driver: xetex
*geometry* verbose mode - [ preamble ] result:
* driver: xetex
* paper: <default>
* layout: <same size as paper>
* layoutoffset:(h,v)=(0.0pt,0.0pt)
* modes: includehead includefoot 
* h-part:(L,W,R)=(5.69054pt, 602.91393pt, 5.69054pt)
* v-part:(T,H,B)=(5.69054pt, 783.58891pt, 5.69054pt)
* \paperwidth=614.295pt
* \paperheight=794.96999pt
* \textwidth=602.91393pt
* \textheight=716.58891pt
* \oddsidemargin=-66.57945pt
* \evensidemargin=-66.57945pt
* \topmargin=-66.57945pt
* \headheight=12.0pt
* \headsep=25.0pt
* \topskip=10.0pt
* \footskip=30.0pt
* \marginparwidth=65.0pt
* \marginparsep=11.0pt
* \columnsep=10.0pt
* \skip\footins=9.0pt plus 4.0pt minus 2.0pt
* \hoffset=0.0pt
* \voffset=0.0pt
* \mag=1000
* \@twocolumnfalse
* \@twosidefalse
* \@mparswitchfalse
* \@reversemarginfalse
* (1in=72.27pt=25.4mm, 1cm=28.453pt)


Package hyperref Warning: Option `colorlinks' has already been used,
(hyperref)                setting the option has no effect on input line 307.

LaTeX Font Info:    Font shape `TU/STIXTwoText(0)/m/n' will be
(Font)              scaled to size 24.88pt on input line 314.
LaTeX Font Info:    Font shape `TU/Arial(0)/m/n' will be
(Font)              scaled to size 22.69403pt on input line 314.
LaTeX Font Info:    Font shape `TU/Arial(0)/b/n' will be
(Font)              scaled to size 22.69403pt on input line 314.
LaTeX Font Info:    Font shape `TU/STIXTwoText(0)/m/n' will be
(Font)              scaled to size 14.4pt on input line 316.
LaTeX Font Info:    Font shape `TU/Arial(0)/m/n' will be
(Font)              scaled to size 13.1348pt on input line 316.

LaTeX Font Warning: Font shape `TU/STIXTwoText(0)/b/n' undefined
(Font)              using `TU/STIXTwoText(0)/m/n' instead on input line 318.

LaTeX Font Info:    Font shape `TU/Menlo(0)/m/n' will be
(Font)              scaled to size 7.38007pt on input line 320.
File: /Users/4d/Documents/GitHub/template/projects_in_progress/biology_textbook
/output/manuscript/assets/cover/biology_textbook_cover.png Graphic file (type b
mp)
</Users/4d/Documents/GitHub/template/projects_in_progress/biology_textbook/outp
ut/manuscript/assets/cover/biology_textbook_cover.png>
[1

]
LaTeX Font Info:    Font shape `TU/STIXTwoText(0)/m/n' will be
(Font)              scaled to size 12.0pt on input line 329.
LaTeX Font Info:    Font shape `TU/STIXTwoText(0)/b/n' will be
(Font)              scaled to size 12.0pt on input line 329.
LaTeX Font Info:    Font shape `TU/Arial(0)/b/n' will be
(Font)              scaled to size 10.94568pt on input line 329.
LaTeX Font Info:    Font shape `TU/STIXTwoText(0)/b/n' will be
(Font)              scaled to size 14.4pt on input line 331.
LaTeX Font Info:    Font shape `TU/STIXTwoText(0)/m/n' will be
(Font)              scaled to size 8.0pt on input line 352.
LaTeX Font Info:    Font shape `TU/STIXTwoText(0)/m/it' will be
(Font)              scaled to size 8.0pt on input line 352.
LaTeX Font Info:    Font shape `TU/STIXTwoMath(1)/m/n' will be
(Font)              scaled to size 6.3pt on input line 352.
LaTeX Font Info:    Font shape `TU/STIXTwoMath(1)/m/n' will be
(Font)              scaled to size 4.95pt on input line 352.
LaTeX Font Info:    Font shape `TU/STIXTwoMath(2)/m/n' will be
(Font)              scaled to size 9.00082pt on input line 352.
LaTeX Font Info:    Font shape `TU/STIXTwoMath(2)/m/n' will be
(Font)              scaled to size 6.30057pt on input line 352.
LaTeX Font Info:    Font shape `TU/STIXTwoMath(2)/m/n' will be
(Font)              scaled to size 4.95044pt on input line 352.
LaTeX Font Info:    Font shape `TU/STIXTwoMath(3)/m/n' will be
(Font)              scaled to size 8.99904pt on input line 352.
LaTeX Font Info:    Font shape `TU/STIXTwoMath(3)/m/n' will be
(Font)              scaled to size 6.29932pt on input line 352.
LaTeX Font Info:    Font shape `TU/STIXTwoMath(3)/m/n' will be
(Font)              scaled to size 4.94946pt on input line 352.
LaTeX Font Info:    Trying to load font information for U+msa on input line 352
.
 (/usr/local/texlive/2026/texmf-dist/tex/latex/amsfonts/umsa.fd
File: umsa.fd 2013/01/14 v3.01 AMS symbols A
)
(/usr/local/texlive/2026/texmf-dist/tex/latex/microtype/mt-msa.cfg
File: mt-msa.cfg 2006/02/04 v1.1 microtype config. file: AMS symbols (a) (RS)
)
LaTeX Font Info:    Trying to load font information for U+msb on input line 352
.

(/usr/local/texlive/2026/texmf-dist/tex/latex/amsfonts/umsb.fd
File: umsb.fd 2013/01/14 v3.01 AMS symbols B
)
(/usr/local/texlive/2026/texmf-dist/tex/latex/microtype/mt-msb.cfg
File: mt-msb.cfg 2005/06/01 v1.0 microtype config. file: AMS symbols (b) (RS)
)
LaTeX Font Info:    Font shape `TU/Arial(0)/m/n' will be
(Font)              scaled to size 8.20926pt on input line 361.
Package microtype Info: Loading generic protrusion settings for font family
(microtype)             `Arial' (encoding: TU).
(microtype)             For optimal results, create family-specific settings.
(microtype)             See the microtype manual for details.
LaTeX Font Info:    Font shape `TU/Arial(0)/b/n' will be
(Font)              scaled to size 8.20926pt on input line 361.
LaTeX Font Info:    Font shape `TU/STIXTwoText(0)/m/it' will be
(Font)              scaled to size 9.0pt on input line 364.

Underfull \hbox (badness 10000) in paragraph at lines 364--365
\TU/STIXTwoText(0)/m/n/9 Suggested citation: Friedman, D. A. (2026). \TU/STIXTw
oText(0)/m/it/9 Introduction to Biology: A Generative Approach \TU/STIXTwoText(
0)/m/n/9 (Edition 1.0). Active Inference Institute.
 []

[1

] (./_combined_manuscript.toc
LaTeX Font Info:    Font shape `TU/STIXTwoText(0)/b/n' will be
(Font)              scaled to size 9.0pt on input line 1.
 [2

]
LaTeX Font Info:    Font shape `TU/Arial(0)/m/n' will be
(Font)              scaled to size 7.29712pt on input line 101.
 [3] [4] [5]
LaTeX Font Info:    Font shape `TU/STIXTwoText(0)/m/n' will be
(Font)              scaled to size 6.3pt on input line 230.
LaTeX Font Info:    Font shape `TU/STIXTwoText(0)/m/n' will be
(Font)              scaled to size 4.95pt on input line 230.
 [6] [7] [8] [9] [10] [11]
[12] [13] [14] [15] [16] [17] [18] [19] [20] [21] [22] [23] [24] [25] [26]
[27] [28] [29] [30] [31] [32] [33] [34] [35] [36] [37] [38] [39] [40] [41]
[42] [43] [44] [45] [46] [47] [48] [49] [50] [51] [52] [53] [54] [55] [56]
[57] [58] [59] [60])
\tf@toc=\write4
\openout4 = `_combined_manuscript.toc'.

 [61] [62

] [63] [64]
LaTeX Font Info:    Font shape `TU/STIXTwoText(1)/m/n' will be
(Font)              scaled to size 9.0pt on input line 631.
LaTeX Font Info:    Font shape `TU/STIXTwoText(1)/m/n' will be
(Font)              scaled to size 6.3pt on input line 631.
LaTeX Font Info:    Font shape `TU/STIXTwoText(1)/m/n' will be
(Font)              scaled to size 4.95pt on input line 631.

ignored: Infinite glue shrinkage found in box being split [65]
File: ../figures/mermaid_inline/inline_mermaid_0001_de08675e7bd6.png Graphic fi
le (type bmp)
<../figures/mermaid_inline/inline_mermaid_0001_de08675e7bd6.png>
LaTeX Font Info:    Font shape `TU/STIXTwoText(0)/b/n' will be
(Font)              scaled to size 8.0pt on input line 711.

ignored: Infinite glue shrinkage found in box being split [66]
ignored: Infinite glue shrinkage fo
und in box being split [67] [68] [69]
ignored: Infinite glue shrinkage found in box being
 split [70] [71]
[72] [73]
File: ../figures/mermaid_inline/inline_mermaid_0002_be8d09ab0dd9.png Graphic fi
le (type bmp)
<../figures/mermaid_inline/inline_mermaid_0002_be8d09ab0dd9.png>
LaTeX Font Info:    Font shape `TU/Menlo(0)/m/it' will be
(Font)              scaled to size 7.38007pt on input line 1567.
 [74] [75] [76]
File: ../figures/mermaid_inline/inline_mermaid_0003_db74273bd95c.png Graphic fi
le (type bmp)
<../figures/mermaid_inline/inline_mermaid_0003_db74273bd95c.png>
 [77]
File: ../figures/mermaid_inline/inline_mermaid_0004_02999862bd7e.png Graphic fi
le (type bmp)
<../figures/mermaid_inline/inline_mermaid_0004_02999862bd7e.png>
 [78]
File: ../figures/mermaid_inline/inline_mermaid_0005_406d75f30ab9.png Graphic fi
le (type bmp)
<../figures/mermaid_inline/inline_mermaid_0005_406d75f30ab9.png>
 [79] [80] [81] [82] [83] [84]
LaTeX Font Info:    Font shape `TU/Menlo(0)/b/n' will be
(Font)              scaled to size 7.38007pt on input line 2671.
 [85] [86]
[87] [88] [89]
File: ../figures/mermaid_inline/inline_mermaid_0006_3065e0fb0d3a.png Graphic fi
le (type bmp)
<../figures/mermaid_inline/inline_mermaid_0006_3065e0fb0d3a.png>
 [90] [91]
File: ../figures/mermaid_inline/inline_mermaid_0007_48da9fb8cdee.png Graphic fi
le (type bmp)
<../figures/mermaid_inline/inline_mermaid_0007_48da9fb8cdee.png>
 [92] [93]

LaTeX Font Warning: Font shape `TU/STIXTwoText(1)/b/n' undefined
(Font)              using `TU/STIXTwoText(1)/m/n' instead on input line 3586.

LaTeX Font Info:    Font shape `TU/STIXTwoText(1)/b/n' will be
(Font)              scaled to size 6.3pt on input line 3586.
LaTeX Font Info:    Font shape `TU/STIXTwoText(1)/b/n' will be
(Font)              scaled to size 4.95pt on input line 3586.
[94] [95]
Overfull \hbox (6.89168pt too wide) in paragraph at lines 3903--3903
[]|\TU/STIXTwoText(0)/b/n/9 Intracellular 
 []


Overfull \hbox (5.3617pt too wide) in paragraph at lines 3910--3910
[]|\TU/STIXTwoText(0)/b/n/9 Community 
 []


Overfull \hbox (4.1827pt too wide) in paragraph at lines 3912--3912
\TU/STIXTwoText(0)/b/n/9 metabolism|  
 []

[96]
File: ../figures/mermaid_inline/inline_mermaid_0008_dc46e45ae847.png Graphic fi
le (type bmp)
<../figures/mermaid_inline/inline_mermaid_0008_dc46e45ae847.png>
 [97]
File: ../figures/mermaid_inline/inline_mermaid_0009_0666f051c2ee.png Graphic fi
le (type bmp)
<../figures/mermaid_inline/inline_mermaid_0009_0666f051c2ee.png>
 [98] [99] [100] [101] [102]
File: ../figures/mermaid_inline/inline_mermaid_0010_5abcffa1cee1.png Graphic fi
le (type bmp)
<../figures/mermaid_inline/inline_mermaid_0010_5abcffa1cee1.png>
File: ../figures/mermaid_inline/inline_mermaid_0011_0a16fce1c099.png Graphic fi
le (type bmp)
<../figures/mermaid_inline/inline_mermaid_0011_0a16fce1c099.png>
 [103] [104] [105]
File: ../figures/mermaid_inline/inline_mermaid_0012_3c4d1d827422.png Graphic fi
le (type bmp)
<../figures/mermaid_inline/inline_mermaid_0012_3c4d1d827422.png>
 [106]
File: ../figures/mermaid_inline/inline_mermaid_0013_b335958206ee.png Graphic fi
le (type bmp)
<../figures/mermaid_inline/inline_mermaid_0013_b335958206ee.png>
 [107] [108]
LaTeX Font Info:    Font shape `TU/STIXTwoText(0)/b/it' will be
(Font)              scaled to size 9.0pt on input line 4997.

[109] [110] [111] [112] [113]
File: ../figures/mermaid_inline/inline_mermaid_0014_d64907ce8bd6.png Graphic fi
le (type bmp)
<../figures/mermaid_inline/inline_mermaid_0014_d64907ce8bd6.png>
 [114] [115] [116] [117]
ignored: Infinite glue shrinkage found in box being split [118] 
[119]
File: ../figures/mermaid_inline/inline_mermaid_0015_b5492bf82fbc.png Graphic fi
le (type bmp)
<../figures/mermaid_inline/inline_mermaid_0015_b5492bf82fbc.png>
 [120]
ignored: Infinite glue shrinkage found in box being split
[121] [122]
File: ../figures/mermaid_inline/inline_mermaid_0016_ee38e756ca94.png Graphic fi
le (type bmp)
<../figures/mermaid_inline/inline_mermaid_0016_ee38e756ca94.png>
 [123] [124] [125] [126]
File: ../figures/mermaid_inline/inline_mermaid_0017_75546d74e4ec.png Graphic fi
le (type bmp)
<../figures/mermaid_inline/inline_mermaid_0017_75546d74e4ec.png>
 [127]
Overfull \hbox (3.92259pt too wide) in paragraph at lines 6984--6984
[]|\TU/STIXTwoText(0)/b/n/9 Bicarbonate|  
 []


Overfull \hbox (20.3026pt too wide) in paragraph at lines 6993--6993
[]|\TU/STIXTwoText(0)/b/n/9 Carbonyl/amide|  
 []


Overfull \hbox (1.70055pt too wide) in paragraph at lines 7071--7072
[]|\TU/STIXTwoText(0)/b/n/9 5.97|  
 []


Overfull \hbox (1.70055pt too wide) in paragraph at lines 7072--7073
[]|\TU/STIXTwoText(0)/b/n/9 2.77|  
 []


Overfull \hbox (1.70055pt too wide) in paragraph at lines 7073--7074
[]|\TU/STIXTwoText(0)/b/n/9 7.59|  
 []


Overfull \hbox (1.70055pt too wide) in paragraph at lines 7074--7075
[]|\TU/STIXTwoText(0)/b/n/9 9.74|  
 []

[128] [129] [130] [131] [132] [133]
File: ../figures/mermaid_inline/inline_mermaid_0018_804368712927.png Graphic fi
le (type bmp)
<../figures/mermaid_inline/inline_mermaid_0018_804368712927.png>
 [134]

Package hyperref Warning: Token not allowed in a PDF string (Unicode):
(hyperref)                removing `subscript' on input line 7710.


Package hyperref Warning: Token not allowed in a PDF string (Unicode):
(hyperref)                removing `superscript' on input line 7710.


Package hyperref Warning: Token not allowed in a PDF string (Unicode):
(hyperref)                removing `superscript' on input line 7710.

LaTeX Font Info:    Font shape `TU/Arial(0)/b/n' will be
(Font)              scaled to size 5.74648pt on input line 7741.
LaTeX Font Info:    Font shape `TU/Arial(0)/b/n' will be
(Font)              scaled to size 4.51508pt on input line 7741.
[135]
File: ../figures/mermaid_inline/inline_mermaid_0019_3d0d11815c85.png Graphic fi
le (type bmp)
<../figures/mermaid_inline/inline_mermaid_0019_3d0d11815c85.png>
 [136] [137]
File: ../figures/mermaid_inline/inline_mermaid_0020_cb442798a32d.png Graphic fi
le (type bmp)
<../figures/mermaid_inline/inline_mermaid_0020_cb442798a32d.png>
 [138] [139] [140]
Overfull \hbox (1.38533pt too wide) in paragraph at lines 8360--8360
[]|\TU/STIXTwoText(0)/b/n/9 Hydrocarbon 
 []

[141] [142]
ignored: Infinite glue shrinkage found in box being split [143]
ignored: Infinite glue 
shrinkage found in box being split [144] [145] [146] [147]
ignored: Infinite glue shrinka
ge found in box being split [148] [149]
File: ../figures/mermaid_inline/inline_mermaid_0021_9eb74518a708.png Graphic fi
le (type bmp)
<../figures/mermaid_inline/inline_mermaid_0021_9eb74518a708.png>
 [150] [151]
File: ../figures/mermaid_inline/inline_mermaid_0022_817dc0a53fed.png Graphic fi
le (type bmp)
<../figures/mermaid_inline/inline_mermaid_0022_817dc0a53fed.png>
 [152]
ignored: Infinite glue shrinkage found in box being split
[153] [154]
File: ../figures/mermaid_inline/inline_mermaid_0023_c4cbb747f919.png Graphic fi
le (type bmp)
<../figures/mermaid_inline/inline_mermaid_0023_c4cbb747f919.png>
 [155] [156] [157] [158]
LaTeX Font Info:    Font shape `TU/STIXTwoText(0)/b/n' will be
(Font)              scaled to size 6.3pt on input line 10303.
LaTeX Font Info:    Font shape `TU/STIXTwoText(0)/b/n' will be
(Font)              scaled to size 4.95pt on input line 10303.
 [159]
File: ../figures/mermaid_inline/inline_mermaid_0024_ea8285dc7e2b.png Graphic fi
le (type bmp)
<../figures/mermaid_inline/inline_mermaid_0024_ea8285dc7e2b.png>
 [160]
Overfull \hbox (36.57298pt too wide) in paragraph at lines 10479--10479
[]|\TU/STIXTwoText(0)/b/n/9 Phosphorylation|  
 []


Overfull \hbox (17.40298pt too wide) in paragraph at lines 10481--10481
[]|\TU/STIXTwoText(0)/b/n/9 Acetylation|  
 []


Overfull \hbox (20.08499pt too wide) in paragraph at lines 10484--10484
[]|\TU/STIXTwoText(0)/b/n/9 Methylation|  
 []


Overfull \hbox (30.111pt too wide) in paragraph at lines 10487--10487
[]|\TU/STIXTwoText(0)/b/n/9 Ubiquitination|  
 []


Overfull \hbox (25.99799pt too wide) in paragraph at lines 10490--10490
[]|\TU/STIXTwoText(0)/b/n/9 SUMOylation|  
 []


Overfull \hbox (25.52998pt too wide) in paragraph at lines 10492--10492
[]|\TU/STIXTwoText(0)/b/n/9 Glycosylation|  
 []


Overfull \hbox (3.55199pt too wide) in paragraph at lines 10495--10495
\TU/STIXTwoText(0)/b/n/9 GlcNAc|  
 []


Overfull \hbox (28.329pt too wide) in paragraph at lines 10497--10497
[]|\TU/STIXTwoText(0)/b/n/9 Hydroxylation|  
 []


Overfull \hbox (13.191pt too wide) in paragraph at lines 10499--10499
[]|\TU/STIXTwoText(0)/b/n/9 Lipidation|  
 []


Overfull \hbox (18.86998pt too wide) in paragraph at lines 10502--10502
\TU/STIXTwoText(0)/b/n/9 ribosylation|  
 []


Overfull \hbox (8.30399pt too wide) in paragraph at lines 10504--10504
[]|\TU/STIXTwoText(0)/b/n/9 Disulfide|  
 []


Overfull \hbox (14.55899pt too wide) in paragraph at lines 10506--10506
[]|\TU/STIXTwoText(0)/b/n/9 Proteolytic 
 []


ignored: Infinite glue shrinkage found in box being split [161]
ignored: Infinite glue shrinkage f
ound in box being split [162] [163] [164] [165] [166]
File: ../figures/mermaid_inline/inline_mermaid_0025_b99c1ee97911.png Graphic fi
le (type bmp)
<../figures/mermaid_inline/inline_mermaid_0025_b99c1ee97911.png>
 [167]
ignored: Infinite glue shrinkage found in box being split [168] [169]
Overfull \hbox (0.80545pt too wide) in paragraph at lines 11507--11507
[]|\TU/STIXTwoText(0)/b/n/9 Staphylococcal 
 []

[170]
File: ../figures/mermaid_inline/inline_mermaid_0026_ffd77fe37203.png Graphic fi
le (type bmp)
<../figures/mermaid_inline/inline_mermaid_0026_ffd77fe37203.png>
 [171]
Overfull \hbox (8.77107pt too wide) in paragraph at lines 11652--11652
[]|\TU/STIXTwoText(0)/b/n/9 Oxidoreductases|  
 []

[172] [173]
Overfull \hbox (39.20242pt too wide) in paragraph at lines 11792--11792
[]|\TU/STIXTwoText(0)/b/n/9 Acetylcholinesterase|  
 []


Overfull \hbox (5.35342pt too wide) in paragraph at lines 11798--11798
[]|\TU/STIXTwoText(0)/b/n/9 Hexokinase|  
 []


Overfull \hbox (1.28699pt too wide) in paragraph at lines 11801--11801
[]|\TU/STIXTwoText(0)/b/n/9 Hexasaccharide|  
 []

File: ../figures/michaelis_menten.png Graphic file (type bmp)
<../figures/michaelis_menten.png>
LaTeX Font Info:    Font shape `TU/STIXTwoMath(1)/m/n' will be
(Font)              scaled to size 8.0pt on input line 11818.
LaTeX Font Info:    Font shape `TU/STIXTwoMath(1)/m/n' will be
(Font)              scaled to size 6.0pt on input line 11818.
LaTeX Font Info:    Font shape `TU/STIXTwoMath(1)/m/n' will be
(Font)              scaled to size 5.0pt on input line 11818.
LaTeX Font Info:    Font shape `TU/STIXTwoText(1)/m/n' will be
(Font)              scaled to size 8.0pt on input line 11818.
LaTeX Font Info:    Font shape `TU/STIXTwoText(1)/m/n' will be
(Font)              scaled to size 6.0pt on input line 11818.
LaTeX Font Info:    Font shape `TU/STIXTwoText(1)/m/n' will be
(Font)              scaled to size 5.0pt on input line 11818.
LaTeX Font Info:    Font shape `TU/STIXTwoMath(2)/m/n' will be
(Font)              scaled to size 8.00073pt on input line 11818.
LaTeX Font Info:    Font shape `TU/STIXTwoMath(2)/m/n' will be
(Font)              scaled to size 6.00055pt on input line 11818.
LaTeX Font Info:    Font shape `TU/STIXTwoMath(2)/m/n' will be
(Font)              scaled to size 5.00046pt on input line 11818.
LaTeX Font Info:    Font shape `TU/STIXTwoMath(3)/m/n' will be
(Font)              scaled to size 7.99915pt on input line 11818.
LaTeX Font Info:    Font shape `TU/STIXTwoMath(3)/m/n' will be
(Font)              scaled to size 5.99936pt on input line 11818.
LaTeX Font Info:    Font shape `TU/STIXTwoMath(3)/m/n' will be
(Font)              scaled to size 4.99947pt on input line 11818.
LaTeX Font Info:    Font shape `TU/STIXTwoText(1)/b/n' will be
(Font)              scaled to size 8.0pt on input line 11818.
LaTeX Font Info:    Font shape `TU/STIXTwoText(1)/b/n' will be
(Font)              scaled to size 6.0pt on input line 11818.
LaTeX Font Info:    Font shape `TU/STIXTwoText(1)/b/n' will be
(Font)              scaled to size 5.0pt on input line 11818.
File: ../figures/mermaid_inline/inline_mermaid_0027_1177901e6d0b.png Graphic fi
le (type bmp)
<../figures/mermaid_inline/inline_mermaid_0027_1177901e6d0b.png>
[174] [175]
Overfull \hbox (1.1269pt too wide) in paragraph at lines 12011--12011
[]|\TU/STIXTwoText(0)/b/n/9 Acetylcholinesterase|  
 []

[176] [177] [178]
File: ../figures/mermaid_inline/inline_mermaid_0028_642863369a4a.png Graphic fi
le (type bmp)
<../figures/mermaid_inline/inline_mermaid_0028_642863369a4a.png>

Overfull \hbox (0.63702pt too wide) in paragraph at lines 12324--12324
[]|\TU/STIXTwoText(0)/b/n/9 Michaelis- 
 []


Overfull \hbox (7.94502pt too wide) in paragraph at lines 12325--12325
[]|\TU/STIXTwoText(0)/b/n/9 Cooperative 
 []


Overfull \hbox (7.94502pt too wide) in paragraph at lines 12326--12326
[]|\TU/STIXTwoText(0)/b/n/9 Cooperative 
 []


Overfull \hbox (7.94502pt too wide) in paragraph at lines 12327--12327
[]|\TU/STIXTwoText(0)/b/n/9 Cooperative 
 []

[179] [180]
ignored: Infinite glue shrinkage found in box being split [181] [182] [183] [
184]
File: ../figures/mermaid_inline/inline_mermaid_0029_16fa34bca390.png Graphic fi
le (type bmp)
<../figures/mermaid_inline/inline_mermaid_0029_16fa34bca390.png>
 [185] [186] [187]
File: ../figures/mermaid_inline/inline_mermaid_0030_cf4b6cf2fa06.png Graphic fi
le (type bmp)
<../figures/mermaid_inline/inline_mermaid_0030_cf4b6cf2fa06.png>
 [188] [189] [190]
[191]
File: ../figures/mermaid_inline/inline_mermaid_0031_9e71ef6de137.png Graphic fi
le (type bmp)
<../figures/mermaid_inline/inline_mermaid_0031_9e71ef6de137.png>
 [192] [193] [194]
File: ../figures/mermaid_inline/inline_mermaid_0032_ee5d89460c88.png Graphic fi
le (type bmp)
<../figures/mermaid_inline/inline_mermaid_0032_ee5d89460c88.png>
 [195]
ignored: Infinite glue shrinkage found in box being split [196]
File: ../figures/mermaid_inline/inline_mermaid_0033_2fa50940f014.png Graphic fi
le (type bmp)
<../figures/mermaid_inline/inline_mermaid_0033_2fa50940f014.png>
 [197] [198]
Overfull \hbox (2.05325pt too wide) in paragraph at lines 14237--14239
\TU/STIXTwoText(0)/b/n/9 acetyltalosaminuronic 
 []


ignored: Infinite glue shrinkage found in box being split [199] [200] [201] [202]
Overfull \hbox (4.46986pt too wide) in paragraph at lines 14658--14658
[]|\TU/STIXTwoText(0)/b/n/9 Thermophile|  
 []


Overfull \hbox (25.64687pt too wide) in paragraph at lines 14661--14661
[]|\TU/STIXTwoText(0)/b/n/9 Hyperthermophile|  
 []


Overfull \hbox (3.96587pt too wide) in paragraph at lines 14664--14664
[]|\TU/STIXTwoText(0)/b/n/9 Psychrophile|  
 []


Overfull \hbox (34.91687pt too wide) in paragraph at lines 14672--14672
[]|\TU/STIXTwoText(0)/b/n/9 Barophile/piezophile|  
 []


Overfull \hbox (9.29385pt too wide) in paragraph at lines 14674--14674
[]|\TU/STIXTwoText(0)/b/n/9 Radioresistant|  
 []


Overfull \hbox (7.76747pt too wide) in paragraph at lines 14739--14739
[]|\TU/STIXTwoText(0)/b/n/9 Photoheterotroph|  
 []


Overfull \hbox (5.67947pt too wide) in paragraph at lines 14741--14741
[]|\TU/STIXTwoText(0)/b/n/9 Chemoautotroph|  
 []


Overfull \hbox (13.10448pt too wide) in paragraph at lines 14743--14743
[]|\TU/STIXTwoText(0)/b/n/9 Chemoheterotroph|  
 []

[203] [204] [205] [206]
ignored: Infinite glue shrinkage found in box being split [207] [
208] [209] [210]
Underfull \hbox (badness 1314) in paragraph at lines 15647--15651
[]\TU/STIXTwoText(0)/b/n/9 Intermembrane space (IMS): equivalent to cytoplasm i
n ion composition; site of electron carrier cytochrome c; contains pro-apoptoti
c factors
 []

File: ../figures/mermaid_inline/inline_mermaid_0034_0d2889ec94eb.png Graphic fi
le (type bmp)
<../figures/mermaid_inline/inline_mermaid_0034_0d2889ec94eb.png>
[211]
File: ../figures/mermaid_inline/inline_mermaid_0035_42ef176149c8.png Graphic fi
le (type bmp)
<../figures/mermaid_inline/inline_mermaid_0035_42ef176149c8.png>
 [212]
Underfull \hbox (badness 1728) in paragraph at lines 15792--15805
[]\TU/STIXTwoText(0)/b/n/9 ER quality control and ERAD (in detail). Newly synth
esised glycoproteins entering the ER lumen are tagged with a triple-glucosylate
d N-glycan
 []


ignored: Infinite glue shrinkage found in box being split [213] [214]
File: ../figures/mermaid_inline/inline_mermaid_0036_9b04ee870582.png Graphic fi
le (type bmp)
<../figures/mermaid_inline/inline_mermaid_0036_9b04ee870582.png>
 [215] [216] [217] [218]
Overfull \hbox (5.25906pt too wide) in paragraph at lines 16429--16429
[]|\TU/STIXTwoText(0)/b/n/9 Homo/heterophilic|  
 []

[219] [220]
File: ../figures/mermaid_inline/inline_mermaid_0037_ce4977fe6a6c.png Graphic fi
le (type bmp)
<../figures/mermaid_inline/inline_mermaid_0037_ce4977fe6a6c.png>
 [221] [222] [223]
File: ../figures/ghk_permeability.png Graphic file (type bmp)
<../figures/ghk_permeability.png>
 [224] [225]
File: ../figures/mermaid_inline/inline_mermaid_0038_993b48293347.png Graphic fi
le (type bmp)
<../figures/mermaid_inline/inline_mermaid_0038_993b48293347.png>
 [226] [227] [228] [229]
ignored: Infinite glue shrinkage found in box being split [230]
File: ../figures/mermaid_inline/inline_mermaid_0039_6d07c3fd2370.png Graphic fi
le (type bmp)
<../figures/mermaid_inline/inline_mermaid_0039_6d07c3fd2370.png>

[231] [232]
Underfull \hbox (badness 1931) in paragraph at lines 17883--17887
[]\TU/STIXTwoText(0)/b/n/9 Each row of the table above can be reproduced from e
quation ([][]39[][]) below by careful sign-handling. Using the simplified form 
at 37 °C: $[][] []
 []

[233] [234] [235]
File: ../figures/mermaid_inline/inline_mermaid_0040_102315c3d59e.png Graphic fi
le (type bmp)
<../figures/mermaid_inline/inline_mermaid_0040_102315c3d59e.png>
 [236] [237] [238]
File: ../figures/mermaid_inline/inline_mermaid_0041_e85a4e71db9a.png Graphic fi
le (type bmp)
<../figures/mermaid_inline/inline_mermaid_0041_e85a4e71db9a.png>

Underfull \hbox (badness 10000) in paragraph at lines 18432--18432
[]\TU/STIXTwoText(0)/b/n/8 Figure 43. |Transporter structure claims need functi
onal assays because transport depends on cycling among states, not a single sta
tic conformation
 []

[239]
ignored: Infinite glue shrinkage found in box being split [240] [241]
ignored: Infinite glue 
shrinkage found in box being split [242] [243] [244] [245]
File: ../figures/mermaid_inline/inline_mermaid_0042_a36ac9dc7103.png Graphic fi
le (type bmp)
<../figures/mermaid_inline/inline_mermaid_0042_a36ac9dc7103.png>
 [246] [247]
File: ../figures/mermaid_inline/inline_mermaid_0043_2ee92fbbe7c5.png Graphic fi
le (type bmp)
<../figures/mermaid_inline/inline_mermaid_0043_2ee92fbbe7c5.png>
File: ../figures/mermaid_inline/inline_mermaid_0044_a62d4ee8a5da.png Graphic fi
le (type bmp)
<../figures/mermaid_inline/inline_mermaid_0044_a62d4ee8a5da.png>
 [248]
ignored: Infinite glue shrinkage found in box being split [249]
ignored: Infinite glue shrin
kage found in box being split [250]
[251]
ignored: Infinite glue shrinkage found in box being split [252]
File: ../figures/mermaid_inline/inline_mermaid_0045_a48c49019fcd.png Graphic fi
le (type bmp)
<../figures/mermaid_inline/inline_mermaid_0045_a48c49019fcd.png>
 [253] [254]
ignored: Infinite glue shrinkage found in box being split [255] [256] [257]
File: ../figures/mermaid_inline/inline_mermaid_0046_5910d9574b69.png Graphic fi
le (type bmp)
<../figures/mermaid_inline/inline_mermaid_0046_5910d9574b69.png>
 [258] [259] [260]
File: ../figures/mermaid_inline/inline_mermaid_0047_5f7536be6079.png Graphic fi
le (type bmp)
<../figures/mermaid_inline/inline_mermaid_0047_5f7536be6079.png>
 [261] [262]
[263] [264]
Overfull \hbox (21.61043pt too wide) in paragraph at lines 21223--21223
[]|\TU/STIXTwoText(0)/b/n/9 Phosphoenolpyruvate 
 []


Overfull \hbox (17.22743pt too wide) in paragraph at lines 21225--21225
\TU/STIXTwoText(0)/b/n/9 Bisphosphoglycerate 
 []


Overfull \hbox (2.46744pt too wide) in paragraph at lines 21227--21227
[]|\TU/STIXTwoText(0)/b/n/9 Phosphocreatine 
 []

[265] [266] [267]
File: ../figures/mermaid_inline/inline_mermaid_0048_843fd47ba6b4.png Graphic fi
le (type bmp)
<../figures/mermaid_inline/inline_mermaid_0048_843fd47ba6b4.png>

ignored: Infinite glue shrinkage found in box being split [268]
File: ../figures/mermaid_inline/inline_mermaid_0049_c71600fa6e4f.png Graphic fi
le (type bmp)
<../figures/mermaid_inline/inline_mermaid_0049_c71600fa6e4f.png>
 [269] [270]
File: ../figures/mermaid_inline/inline_mermaid_0050_bd9d9e663fc5.png Graphic fi
le (type bmp)
<../figures/mermaid_inline/inline_mermaid_0050_bd9d9e663fc5.png>
File: ../figures/mermaid_inline/inline_mermaid_0051_fd7bc334878a.png Graphic fi
le (type bmp)
<../figures/mermaid_inline/inline_mermaid_0051_fd7bc334878a.png>
 [271]
File: ../figures/mermaid_inline/inline_mermaid_0052_4baeb11d3a60.png Graphic fi
le (type bmp)
<../figures/mermaid_inline/inline_mermaid_0052_4baeb11d3a60.png>

ignored: Infinite glue shrinkage found in box being split [272] [273]
File: ../figures/mermaid_inline/inline_mermaid_0053_648c8b0187e7.png Graphic fi
le (type bmp)
<../figures/mermaid_inline/inline_mermaid_0053_648c8b0187e7.png>
 [274]
Overfull \hbox (4.39757pt too wide) in paragraph at lines 22064--22064
[]|\TU/STIXTwoText(0)/b/n/9 Monoamine 
 []


ignored: Infinite glue shrinkage found in box being split [275] [276]
ignored: Infinite glue shrin
kage found in box being split [277] [278] [279]
File: ../figures/mermaid_inline/inline_mermaid_0054_6fd41e09a5eb.png Graphic fi
le (type bmp)
<../figures/mermaid_inline/inline_mermaid_0054_6fd41e09a5eb.png>
 [280] [281]
File: ../figures/mermaid_inline/inline_mermaid_0055_05d0878efc1f.png Graphic fi
le (type bmp)
<../figures/mermaid_inline/inline_mermaid_0055_05d0878efc1f.png>
 [282]
ignored: Infinite glue shrinkage found in box being split [283] [284] [285] [286]
[287]

Package hyperref Warning: Token not allowed in a PDF string (Unicode):
(hyperref)                removing `subscript' on input line 23534.

[288]
File: ../figures/mermaid_inline/inline_mermaid_0056_eb22b5920e20.png Graphic fi
le (type bmp)
<../figures/mermaid_inline/inline_mermaid_0056_eb22b5920e20.png>

ignored: Infinite glue shrinkage found in box being split [289] [290]
File: ../figures/mermaid_inline/inline_mermaid_0057_4ad799402a8f.png Graphic fi
le (type bmp)
<../figures/mermaid_inline/inline_mermaid_0057_4ad799402a8f.png>
 [291]
Overfull \hbox (10.43768pt too wide) in paragraph at lines 23892--23894
[]|\TU/STIXTwoText(0)/b/n/9 Compensates 
 []


Overfull \hbox (0.99669pt too wide) in paragraph at lines 23892--23894
\TU/STIXTwoText(0)/b/n/9 boxysomes|  
 []


Overfull \hbox (10.43768pt too wide) in paragraph at lines 23894--23895
[]|\TU/STIXTwoText(0)/b/n/9 Compensates 
 []

[292] [293]

Package hyperref Warning: Token not allowed in a PDF string (Unicode):
(hyperref)                removing `subscript' on input line 24081.

File: ../figures/mermaid_inline/inline_mermaid_0058_5c955f9bd359.png Graphic fi
le (type bmp)
<../figures/mermaid_inline/inline_mermaid_0058_5c955f9bd359.png>
[294] [295]
File: ../figures/mermaid_inline/inline_mermaid_0059_86f89afd405c.png Graphic fi
le (type bmp)
<../figures/mermaid_inline/inline_mermaid_0059_86f89afd405c.png>


Package hyperref Warning: Token not allowed in a PDF string (Unicode):
(hyperref)                removing `subscript' on input line 24357.

[296]

Package hyperref Warning: Token not allowed in a PDF string (Unicode):
(hyperref)                removing `superscript' on input line 24383.

[297]
File: ../figures/mermaid_inline/inline_mermaid_0060_987a5e8fe209.png Graphic fi
le (type bmp)
<../figures/mermaid_inline/inline_mermaid_0060_987a5e8fe209.png>
 [298] [299]
File: ../figures/light_response_curves.png Graphic file (type bmp)
<../figures/light_response_curves.png>
 [300] [301]
File: ../figures/mermaid_inline/inline_mermaid_0061_d4c7a9a49ee8.png Graphic fi
le (type bmp)
<../figures/mermaid_inline/inline_mermaid_0061_d4c7a9a49ee8.png>
 [302] [303] [304] [305]
File: ../figures/mermaid_inline/inline_mermaid_0062_dafd60cfc7de.png Graphic fi
le (type bmp)
<../figures/mermaid_inline/inline_mermaid_0062_dafd60cfc7de.png>
 [306]
File: ../figures/mermaid_inline/inline_mermaid_0063_09287921f06e.png Graphic fi
le (type bmp)
<../figures/mermaid_inline/inline_mermaid_0063_09287921f06e.png>
 [307] [308]
File: ../figures/mermaid_inline/inline_mermaid_0064_27dc0606c7c7.png Graphic fi
le (type bmp)
<../figures/mermaid_inline/inline_mermaid_0064_27dc0606c7c7.png>

ignored: Infinite glue shrinkage found in box being split
[309] [310] [311] [312]
File: ../figures/mermaid_inline/inline_mermaid_0065_0f9add5e4b9c.png Graphic fi
le (type bmp)
<../figures/mermaid_inline/inline_mermaid_0065_0f9add5e4b9c.png>

ignored: Infinite glue shrinkage found in box being split [313] [314] [315]
File: ../figures/mermaid_inline/inline_mermaid_0066_ccd169edacbf.png Graphic fi
le (type bmp)
<../figures/mermaid_inline/inline_mermaid_0066_ccd169edacbf.png>
 [316] [317] [318]
ignored: Infinite glue shrinkage found in box being split [319] [320]
[321] [322] [323]
File: ../figures/mermaid_inline/inline_mermaid_0067_802fdbae784c.png Graphic fi
le (type bmp)
<../figures/mermaid_inline/inline_mermaid_0067_802fdbae784c.png>
 [324] [325] [326] [327] [328]
File: ../figures/mermaid_inline/inline_mermaid_0068_7fcdfa521831.png Graphic fi
le (type bmp)
<../figures/mermaid_inline/inline_mermaid_0068_7fcdfa521831.png>

ignored: Infinite glue shrinkage found in box being split [329]
File: ../figures/mermaid_inline/inline_mermaid_0069_4c0d48a0418b.png Graphic fi
le (type bmp)
<../figures/mermaid_inline/inline_mermaid_0069_4c0d48a0418b.png>
 [330] [331] [332]
[333] [334]
File: ../figures/mermaid_inline/inline_mermaid_0070_1ddf35a993ca.png Graphic fi
le (type bmp)
<../figures/mermaid_inline/inline_mermaid_0070_1ddf35a993ca.png>
 [335] [336] [337]
File: ../figures/mermaid_inline/inline_mermaid_0071_6d60c17cec8c.png Graphic fi
le (type bmp)
<../figures/mermaid_inline/inline_mermaid_0071_6d60c17cec8c.png>
 [338] [339] [340] [341] [342] [343] [344]
[345] [346]
File: ../figures/mermaid_inline/inline_mermaid_0072_5707a07cccd9.png Graphic fi
le (type bmp)
<../figures/mermaid_inline/inline_mermaid_0072_5707a07cccd9.png>
 [347] [348]
File: ../figures/mermaid_inline/inline_mermaid_0073_8d677c52196e.png Graphic fi
le (type bmp)
<../figures/mermaid_inline/inline_mermaid_0073_8d677c52196e.png>
 [349] [350]
File: ../figures/mermaid_inline/inline_mermaid_0074_1efbf9c5820e.png Graphic fi
le (type bmp)
<../figures/mermaid_inline/inline_mermaid_0074_1efbf9c5820e.png>
 [351] [352] [353] [354] [355] [356]
[357] [358] [359] [360] [361] [362] [363] [364] [365]
Overfull \hbox (3.07433pt too wide) in paragraph at lines 31574--31575
\TU/STIXTwoText(0)/b/n/9 adenosylmethionine) 
 []


ignored: Infinite glue shrinkage found in box being split [366]
File: ../figures/mermaid_inline/inline_mermaid_0075_805c39e2ceba.png Graphic fi
le (type bmp)
<../figures/mermaid_inline/inline_mermaid_0075_805c39e2ceba.png>

ignored: Infinite glue shrinkage found in box being split [367] [368]
ignored: Infinite glue shrin
kage found in box being split [369]
File: ../figures/mermaid_inline/inline_mermaid_0076_2b34ba77d6a1.png Graphic fi
le (type bmp)
<../figures/mermaid_inline/inline_mermaid_0076_2b34ba77d6a1.png>
 [370] [371]
ignored: Infinite glue shrinkage found in box being split [372] [373] [374]
File: ../figures/mermaid_inline/inline_mermaid_0077_380014b63899.png Graphic fi
le (type bmp)
<../figures/mermaid_inline/inline_mermaid_0077_380014b63899.png>
 [375]
File: ../figures/mermaid_inline/inline_mermaid_0078_74e762424472.png Graphic fi
le (type bmp)
<../figures/mermaid_inline/inline_mermaid_0078_74e762424472.png>
 [376]
Overfull \hbox (3.26091pt too wide) in paragraph at lines 32632--32634
[]|\TU/STIXTwoText(0)/b/n/9 Benzo[][]a[][]pyrene 
 []


Overfull \hbox (1.3079pt too wide) in paragraph at lines 32637--32638
\TU/STIXTwoText(0)/b/n/9 incorporation|  
 []


Overfull \hbox (14.2319pt too wide) in paragraph at lines 32643--32644
[]|\TU/STIXTwoText(0)/b/n/9 OGG1+MUTYH- 
 []


Overfull \hbox (0.8849pt too wide) in paragraph at lines 32645--32646
\TU/STIXTwoText(0)/b/n/9 NHEJ/MMEJ|  
 []


Overfull \hbox (6.5999pt too wide) in paragraph at lines 32647--32649
[]|\TU/STIXTwoText(0)/b/n/9 “Ultramutator” 
 []


ignored: Infinite glue shrinkage found in box being split [377] [378] [379] [380] [381]
File: ../figures/mermaid_inline/inline_mermaid_0079_5a4c23b154f2.png Graphic fi
le (type bmp)
<../figures/mermaid_inline/inline_mermaid_0079_5a4c23b154f2.png>
 [382] [383]
File: ../figures/methylation_heatmap.png Graphic file (type bmp)
<../figures/methylation_heatmap.png>
 [384] [385] [386]
File: ../figures/mermaid_inline/inline_mermaid_0080_2472a9838bd0.png Graphic fi
le (type bmp)
<../figures/mermaid_inline/inline_mermaid_0080_2472a9838bd0.png>
 [387]
ignored: Infinite glue shrinkage found in box being split [388]
[389] [390]
File: ../figures/mermaid_inline/inline_mermaid_0081_44e01d6a348a.png Graphic fi
le (type bmp)
<../figures/mermaid_inline/inline_mermaid_0081_44e01d6a348a.png>
 [391] [392] [393] [394]
LaTeX Font Info:    Font shape `TU/STIXTwoText(0)/m/it' will be
(Font)              scaled to size 6.3pt on input line 34404.
 [395]
File: ../figures/mermaid_inline/inline_mermaid_0082_dd4913419cc7.png Graphic fi
le (type bmp)
<../figures/mermaid_inline/inline_mermaid_0082_dd4913419cc7.png>
 [396] [397] [398]
File: ../figures/mermaid_inline/inline_mermaid_0083_0578d11a4c13.png Graphic fi
le (type bmp)
<../figures/mermaid_inline/inline_mermaid_0083_0578d11a4c13.png>
 [399] [400]
[401]
File: ../figures/mermaid_inline/inline_mermaid_0084_989de778d28c.png Graphic fi
le (type bmp)
<../figures/mermaid_inline/inline_mermaid_0084_989de778d28c.png>
 [402]
File: ../figures/mermaid_inline/inline_mermaid_0085_192a3bb982f8.png Graphic fi
le (type bmp)
<../figures/mermaid_inline/inline_mermaid_0085_192a3bb982f8.png>
 [403]
Overfull \hbox (5.6357pt too wide) in paragraph at lines 35234--35234
[]|\TU/STIXTwoText(0)/b/n/9 H3K27me3|  
 []


Overfull \hbox (1.1807pt too wide) in paragraph at lines 35237--35237
[]|\TU/STIXTwoText(0)/b/n/9 H3K9me3|  
 []


Overfull \hbox (1.1807pt too wide) in paragraph at lines 35239--35239
[]|\TU/STIXTwoText(0)/b/n/9 H3K4me3|  
 []


Overfull \hbox (10.0817pt too wide) in paragraph at lines 35243--35243
[]|\TU/STIXTwoText(0)/b/n/9 H2AK119ub|  
 []

[404]
Overfull \hbox (15.06587pt too wide) in paragraph at lines 35453--35453
[]|\TU/STIXTwoText(0)/b/it/9 CDKN2A/p16|  
 []

[405]
Overfull \hbox (3.26974pt too wide) in paragraph at lines 35507--35507
[]|\TU/STIXTwoText(0)/b/n/9 IDH1/IDH2 
 []


Overfull \hbox (7.62573pt too wide) in paragraph at lines 35530--35530
[]|\TU/STIXTwoText(0)/b/n/9 Combination 
 []


ignored: Infinite glue shrinkage found in box being split [406] [407] [408] [409]
File: ../figures/mermaid_inline/inline_mermaid_0086_4edc8987e9ae.png Graphic fi
le (type bmp)
<../figures/mermaid_inline/inline_mermaid_0086_4edc8987e9ae.png>
 [410]
ignored: Infinite glue shrinkage found in box being split [411] [412]
ignored: Infinite glue
 shrinkage found in box being split [413] [414]
File: ../figures/mermaid_inline/inline_mermaid_0087_02dd2b2d5b31.png Graphic fi
le (type bmp)
<../figures/mermaid_inline/inline_mermaid_0087_02dd2b2d5b31.png>
 [415] [416] [417]
File: ../figures/punnett_AaxAa.png Graphic file (type bmp)
<../figures/punnett_AaxAa.png>

ignored: Infinite glue shrinkage found in box being split
[418]
File: ../figures/mermaid_inline/inline_mermaid_0088_6f1f5e3cab2e.png Graphic fi
le (type bmp)
<../figures/mermaid_inline/inline_mermaid_0088_6f1f5e3cab2e.png>
 [419] [420] [421] [422]
Underfull \hbox (badness 10000) in paragraph at lines 37028--37028
[]|\TU/STIXTwoText(0)/b/n/9 Neither (H
 []

[423]
File: ../figures/mermaid_inline/inline_mermaid_0089_ed7f69a05270.png Graphic fi
le (type bmp)
<../figures/mermaid_inline/inline_mermaid_0089_ed7f69a05270.png>
 [424] [425] [426] [427]
ignored: Infinite glue shrinkage found in box being split [428] 
[429] [430] [431] [432]
File: ../figures/mermaid_inline/inline_mermaid_0090_bab9b1c04d20.png Graphic fi
le (type bmp)
<../figures/mermaid_inline/inline_mermaid_0090_bab9b1c04d20.png>
 [433] [434]

Package hyperref Warning: Token not allowed in a PDF string (Unicode):
(hyperref)                removing `superscript' on input line 38284.


ignored: Infinite glue shrinkage found in box being split [435]
File: ../figures/mermaid_inline/inline_mermaid_0091_e26ca442a73b.png Graphic fi
le (type bmp)
<../figures/mermaid_inline/inline_mermaid_0091_e26ca442a73b.png>
 [436] [437] [438] [439] [440] [441]
ignored: Infinite glue shrinkage found in box being 
split [442]
ignored: Infinite glue shrinkage found in box being split [443]
File: ../figures/chromosome_structure.png Graphic file (type bmp)
<../figures/chromosome_structure.png>

ignored: Infinite glue shrinkage found in box being split [444]
File: ../figures/mermaid_inline/inline_mermaid_0092_a8a19795ee09.png Graphic fi
le (type bmp)
<../figures/mermaid_inline/inline_mermaid_0092_a8a19795ee09.png>
File: ../figures/mermaid_inline/inline_mermaid_0093_10bbf3532472.png Graphic fi
le (type bmp)
<../figures/mermaid_inline/inline_mermaid_0093_10bbf3532472.png>
File: ../figures/mermaid_inline/inline_mermaid_0094_80df69de47bb.png Graphic fi
le (type bmp)
<../figures/mermaid_inline/inline_mermaid_0094_80df69de47bb.png>
 [445] [446]
File: ../figures/mermaid_inline/inline_mermaid_0095_88ba3c6367df.png Graphic fi
le (type bmp)
<../figures/mermaid_inline/inline_mermaid_0095_88ba3c6367df.png>

[447] [448]
Overfull \hbox (12.61043pt too wide) in paragraph at lines 39663--39663
[]|\TU/STIXTwoText(0)/b/it/9 OPN1LW/OPN1MW|  
 []

[449]
LaTeX Font Info:    Font shape `TU/Arial(0)/b/it' will be
(Font)              scaled to size 8.20926pt on input line 39784.

ignored: Infinite glue shrinkage found in box being split [450] [451] [452]
File: ../figures/mermaid_inline/inline_mermaid_0096_2ae4e4cd7ccc.png Graphic fi
le (type bmp)
<../figures/mermaid_inline/inline_mermaid_0096_2ae4e4cd7ccc.png>
File: ../figures/mermaid_inline/inline_mermaid_0097_8b4bc56a0e9b.png Graphic fi
le (type bmp)
<../figures/mermaid_inline/inline_mermaid_0097_8b4bc56a0e9b.png>
 [453]
ignored: Infinite glue shrinkage found in box being split [454]
File: ../figures/mermaid_inline/inline_mermaid_0098_208a090d4b71.png Graphic fi
le (type bmp)
<../figures/mermaid_inline/inline_mermaid_0098_208a090d4b71.png>
 [455] [456] [457] [458] [459] [460]
[461] [462] [463] [464]
File: ../figures/genetic_drift_trajectories.png Graphic file (type bmp)
<../figures/genetic_drift_trajectories.png>
 [465] [466]
File: ../figures/mermaid_inline/inline_mermaid_0099_e2230bd94153.png Graphic fi
le (type bmp)
<../figures/mermaid_inline/inline_mermaid_0099_e2230bd94153.png>
 [467] [468] [469]
File: ../figures/mermaid_inline/inline_mermaid_0100_0b2cc58eea47.png Graphic fi
le (type bmp)
<../figures/mermaid_inline/inline_mermaid_0100_0b2cc58eea47.png>
 [470]
File: ../figures/mermaid_inline/inline_mermaid_0101_62257ac9f73f.png Graphic fi
le (type bmp)
<../figures/mermaid_inline/inline_mermaid_0101_62257ac9f73f.png>


Package hyperref Warning: Token not allowed in a PDF string (Unicode):
(hyperref)                removing `subscript' on input line 41921.


ignored: Infinite glue shrinkage found in box being split [471] [472] [473]

Package hyperref Warning: Token not allowed in a PDF string (Unicode):
(hyperref)                removing `subscript' on input line 42124.


Package hyperref Warning: Token not allowed in a PDF string (Unicode):
(hyperref)                removing `subscript' on input line 42154.

[474] [475] [476] [477] [478]
File: ../figures/mermaid_inline/inline_mermaid_0102_a237f5df08ad.png Graphic fi
le (type bmp)
<../figures/mermaid_inline/inline_mermaid_0102_a237f5df08ad.png>

Underfull \hbox (badness 6252) in paragraph at lines 42675--42675
[]\TU/STIXTwoText(0)/b/n/8 Figure 109. |Graph references can reduce reference b
ias, but population-genetic interpretation still depends on sampling design, as
sumptions, and validation
 []

[479]
ignored: Infinite glue shrinkage found in box being split [480] [481]
File: ../figures/mermaid_inline/inline_mermaid_0103_2f6f54b51fdb.png Graphic fi
le (type bmp)
<../figures/mermaid_inline/inline_mermaid_0103_2f6f54b51fdb.png>
 [482] [483] [484] [485] [486]
File: ../figures/mermaid_inline/inline_mermaid_0104_ca339ead0138.png Graphic fi
le (type bmp)
<../figures/mermaid_inline/inline_mermaid_0104_ca339ead0138.png>
 [487] [488]
File: ../figures/selection_simulation.png Graphic file (type bmp)
<../figures/selection_simulation.png>
File: ../figures/mermaid_inline/inline_mermaid_0105_07a35c33686d.png Graphic fi
le (type bmp)
<../figures/mermaid_inline/inline_mermaid_0105_07a35c33686d.png>
 [489] [490]
[491] [492] [493] [494] [495] [496] [497] [498]
File: ../figures/mermaid_inline/inline_mermaid_0106_6bf79bf45270.png Graphic fi
le (type bmp)
<../figures/mermaid_inline/inline_mermaid_0106_6bf79bf45270.png>
 [499] [500] [501] [502]
[503]
ignored: Infinite glue shrinkage found in box being split [504] [505] [506] [507]
File: ../figures/mermaid_inline/inline_mermaid_0107_b74cc0f94112.png Graphic fi
le (type bmp)
<../figures/mermaid_inline/inline_mermaid_0107_b74cc0f94112.png>
 [508] [509] [510]

Package hyperref Warning: Token not allowed in a PDF string (Unicode):
(hyperref)                removing `subscript' on input line 46147.

[511] [512] [513] [514] [515]
File: ../figures/mermaid_inline/inline_mermaid_0108_80611ce8a896.png Graphic fi
le (type bmp)
<../figures/mermaid_inline/inline_mermaid_0108_80611ce8a896.png>
 [516] [517]
File: ../figures/mermaid_inline/inline_mermaid_0109_5d5b4983bdd4.png Graphic fi
le (type bmp)
<../figures/mermaid_inline/inline_mermaid_0109_5d5b4983bdd4.png>
 [518] [519]
File: ../figures/mermaid_inline/inline_mermaid_0110_ee90e97d08fa.png Graphic fi
le (type bmp)
<../figures/mermaid_inline/inline_mermaid_0110_ee90e97d08fa.png>
 [520] [521] [522]
[523] [524] [525]
File: ../figures/mermaid_inline/inline_mermaid_0111_66222deabd2a.png Graphic fi
le (type bmp)
<../figures/mermaid_inline/inline_mermaid_0111_66222deabd2a.png>
 [526] [527] [528]
File: ../figures/mermaid_inline/inline_mermaid_0112_065c5c6c1e41.png Graphic fi
le (type bmp)
<../figures/mermaid_inline/inline_mermaid_0112_065c5c6c1e41.png>
 [529] [530] [531] [532] [533] [534]
ignored: Infinite glue shrinkage found in box being 
split
[535] [536] [537] [538]
File: ../figures/mermaid_inline/inline_mermaid_0113_dbe0ca0e02a1.png Graphic fi
le (type bmp)
<../figures/mermaid_inline/inline_mermaid_0113_dbe0ca0e02a1.png>
 [539] [540] [541] [542] [543] [544]
File: ../figures/mermaid_inline/inline_mermaid_0114_1cfe4327f5fb.png Graphic fi
le (type bmp)
<../figures/mermaid_inline/inline_mermaid_0114_1cfe4327f5fb.png>
 [545] [546]
[547]
File: ../figures/bacterial_growth.png Graphic file (type bmp)
<../figures/bacterial_growth.png>
LaTeX Font Info:    Font shape `TU/STIXTwoText(0)/m/n' will be
(Font)              scaled to size 6.0pt on input line 50058.
LaTeX Font Info:    Font shape `TU/STIXTwoText(0)/m/n' will be
(Font)              scaled to size 5.0pt on input line 50058.
 [548] [549]
File: ../figures/mermaid_inline/inline_mermaid_0115_ce65da087915.png Graphic fi
le (type bmp)
<../figures/mermaid_inline/inline_mermaid_0115_ce65da087915.png>

Overfull \hbox (7.32623pt too wide) in paragraph at lines 50232--50232
\TU/STIXTwoText(0)/b/n/9 cephalosporins, 
 []


ignored: Infinite glue shrinkage found in box being split [550]
File: ../figures/mermaid_inline/inline_mermaid_0116_fdf180a01853.png Graphic fi
le (type bmp)
<../figures/mermaid_inline/inline_mermaid_0116_fdf180a01853.png>
 [551]
ignored: Infinite glue shrinkage found in box being split [552] [553] [554] [555]
File: ../figures/mermaid_inline/inline_mermaid_0117_917b675ef1e3.png Graphic fi
le (type bmp)
<../figures/mermaid_inline/inline_mermaid_0117_917b675ef1e3.png>

Overfull \hbox (6.4612pt too wide) in paragraph at lines 50826--50826
[]|\TU/STIXTwoText(0)/b/n/9 Attractants/repellents|  
 []


ignored: Infinite glue shrinkage found in box being split [556]
File: ../figures/mermaid_inline/inline_mermaid_0118_30f4d049f95f.png Graphic fi
le (type bmp)
<../figures/mermaid_inline/inline_mermaid_0118_30f4d049f95f.png>
 [557]
ignored: Infinite glue shrinkage found in box being split [558] [559] [560]
File: ../figures/mermaid_inline/inline_mermaid_0119_d56546b6ad20.png Graphic fi
le (type bmp)
<../figures/mermaid_inline/inline_mermaid_0119_d56546b6ad20.png>
 [561] [562] [563] [564]
File: ../figures/mermaid_inline/inline_mermaid_0120_6f48da85c781.png Graphic fi
le (type bmp)
<../figures/mermaid_inline/inline_mermaid_0120_6f48da85c781.png>
File: ../figures/mermaid_inline/inline_mermaid_0121_3ff5e572147d.png Graphic fi
le (type bmp)
<../figures/mermaid_inline/inline_mermaid_0121_3ff5e572147d.png>
 [565]
File: ../figures/mermaid_inline/inline_mermaid_0122_5973a9d90dc7.png Graphic fi
le (type bmp)
<../figures/mermaid_inline/inline_mermaid_0122_5973a9d90dc7.png>

Overfull \vbox (309.21228pt too high) has occurred while \output is active []


[566] [567]
File: ../figures/mermaid_inline/inline_mermaid_0123_ddc4b7e43f0b.png Graphic fi
le (type bmp)
<../figures/mermaid_inline/inline_mermaid_0123_ddc4b7e43f0b.png>

Underfull \hbox (badness 1142) in paragraph at lines 52220--52220
[]\TU/STIXTwoText(0)/b/n/8 Figure 132. |WHO priority lists are most useful when
 students connect the organism-resistance pair to selection pressure, transmiss
ion route, and stewardship action
 []

[568]
ignored: Infinite glue shrinkage found in box being split [569] [570] [571] [572] [
573]
File: ../figures/mermaid_inline/inline_mermaid_0124_4e149edd74cc.png Graphic fi
le (type bmp)
<../figures/mermaid_inline/inline_mermaid_0124_4e149edd74cc.png>
 [574] [575] [576] [577] [578] [579]
File: ../figures/mermaid_inline/inline_mermaid_0125_21e6e35bf969.png Graphic fi
le (type bmp)
<../figures/mermaid_inline/inline_mermaid_0125_21e6e35bf969.png>

[580] [581] [582] [583]
ignored: Infinite glue shrinkage found in box being split [584]
File: ../figures/mermaid_inline/inline_mermaid_0126_10bf714951fb.png Graphic fi
le (type bmp)
<../figures/mermaid_inline/inline_mermaid_0126_10bf714951fb.png>
 [585] [586] [587]
File: ../figures/mermaid_inline/inline_mermaid_0127_31af3b622823.png Graphic fi
le (type bmp)
<../figures/mermaid_inline/inline_mermaid_0127_31af3b622823.png>
 [588]
ignored: Infinite glue shrinkage found in box being split [589] [590] [591]
[592]
File: ../figures/mermaid_inline/inline_mermaid_0128_4fb628fe614a.png Graphic fi
le (type bmp)
<../figures/mermaid_inline/inline_mermaid_0128_4fb628fe614a.png>

Overfull \hbox (2.90222pt too wide) in paragraph at lines 55012--55012
[]|\TU/STIXTwoText(0)/b/n/9 Tetanospasmin|  
 []

[593]
ignored: Infinite glue shrinkage found in box being split [594]
File: ../figures/mermaid_inline/inline_mermaid_0129_9049e3a1fb52.png Graphic fi
le (type bmp)
<../figures/mermaid_inline/inline_mermaid_0129_9049e3a1fb52.png>
 [595] [596] [597] [598]
File: ../figures/mermaid_inline/inline_mermaid_0130_02191e8ef71e.png Graphic fi
le (type bmp)
<../figures/mermaid_inline/inline_mermaid_0130_02191e8ef71e.png>

ignored: Infinite glue shrinkage found in box being split [599]
Underfull \hbox (badness 1412) in paragraph at lines 55736--55741
[]\TU/STIXTwoText(0)/b/n/9 Fab region (fragment antigen-binding): Contains the 
variable domains (VH + VL) that form the antigen-binding site (paratope). The t
hree
 []

[600]
File: ../figures/mermaid_inline/inline_mermaid_0131_76eee62eb18a.png Graphic fi
le (type bmp)
<../figures/mermaid_inline/inline_mermaid_0131_76eee62eb18a.png>
 [601]
ignored: Infinite glue shrinkage found in box being split [602] [603] [604]

Package hyperref Warning: Token not allowed in a PDF string (Unicode):
(hyperref)                removing `subscript' on input line 56148.

[605]
File: ../figures/mermaid_inline/inline_mermaid_0132_8e0f151220de.png Graphic fi
le (type bmp)
<../figures/mermaid_inline/inline_mermaid_0132_8e0f151220de.png>
 [606]
ignored: Infinite glue shrinkage found in box being split [607] [608]
ignored: Infinite glue
 shrinkage found in box being split [609]
File: ../figures/mermaid_inline/inline_mermaid_0133_d23b238a8412.png Graphic fi
le (type bmp)
<../figures/mermaid_inline/inline_mermaid_0133_d23b238a8412.png>
 [610]
File: ../figures/mermaid_inline/inline_mermaid_0134_2d5aca90a092.png Graphic fi
le (type bmp)
<../figures/mermaid_inline/inline_mermaid_0134_2d5aca90a092.png>
 [611] [612]
Underfull \hbox (badness 1052) in paragraph at lines 57000--57026
[]\TU/STIXTwoText(0)/b/n/9 Three molecular innovations make mRNA vaccines work.
 (1) Nucleoside modification — substituting uridines with pseudouridine ($[]$) 
or 1-methyl-
 []

[613]
File: ../figures/mermaid_inline/inline_mermaid_0135_1124d195aaca.png Graphic fi
le (type bmp)
<../figures/mermaid_inline/inline_mermaid_0135_1124d195aaca.png>
 [614]
ignored: Infinite glue shrinkage found in box being split [615] [616]
ignored: Infinite glue
 shrinkage found in box being split [617] [618]
File: ../figures/mermaid_inline/inline_mermaid_0136_f6243b43cd27.png Graphic fi
le (type bmp)
<../figures/mermaid_inline/inline_mermaid_0136_f6243b43cd27.png>
 [619] [620] [621]
File: ../figures/water_potential_transpiration.png Graphic file (type bmp)
<../figures/water_potential_transpiration.png>
 [622] [623]
File: ../figures/mermaid_inline/inline_mermaid_0137_919e1802461e.png Graphic fi
le (type bmp)
<../figures/mermaid_inline/inline_mermaid_0137_919e1802461e.png>
 [624]
[625] [626]
File: ../figures/mermaid_inline/inline_mermaid_0138_d1e54f8471f6.png Graphic fi
le (type bmp)
<../figures/mermaid_inline/inline_mermaid_0138_d1e54f8471f6.png>
 [627] [628]
File: ../figures/mermaid_inline/inline_mermaid_0139_f70eb6406088.png Graphic fi
le (type bmp)
<../figures/mermaid_inline/inline_mermaid_0139_f70eb6406088.png>
File: ../figures/mermaid_inline/inline_mermaid_0140_36d2b095fc82.png Graphic fi
le (type bmp)
<../figures/mermaid_inline/inline_mermaid_0140_36d2b095fc82.png>
 [629] [630] [631] [632]
File: ../figures/mermaid_inline/inline_mermaid_0141_4b0dcf4ea02b.png Graphic fi
le (type bmp)
<../figures/mermaid_inline/inline_mermaid_0141_4b0dcf4ea02b.png>
 [633] [634] [635] [636]
[637]
File: ../figures/mermaid_inline/inline_mermaid_0142_2ce273db44e8.png Graphic fi
le (type bmp)
<../figures/mermaid_inline/inline_mermaid_0142_2ce273db44e8.png>
 [638]
ignored: Infinite glue shrinkage found in box being split [639] [640] [641]
File: ../figures/mermaid_inline/inline_mermaid_0143_b2c05fc6accc.png Graphic fi
le (type bmp)
<../figures/mermaid_inline/inline_mermaid_0143_b2c05fc6accc.png>

ignored: Infinite glue shrinkage found in box being split [642] [643] [644] [645]
File: ../figures/mermaid_inline/inline_mermaid_0144_c19e702b611c.png Graphic fi
le (type bmp)
<../figures/mermaid_inline/inline_mermaid_0144_c19e702b611c.png>
 [646] [647] [648]
[649]
File: ../figures/mermaid_inline/inline_mermaid_0145_712477dd19ef.png Graphic fi
le (type bmp)
<../figures/mermaid_inline/inline_mermaid_0145_712477dd19ef.png>
 [650] [651]
ignored: Infinite glue shrinkage found in box being split [652] [653] [654] 
[655]
File: ../figures/mermaid_inline/inline_mermaid_0146_e58d2396aa32.png Graphic fi
le (type bmp)
<../figures/mermaid_inline/inline_mermaid_0146_e58d2396aa32.png>

ignored: Infinite glue shrinkage found in box being split [656] [657] [658]
ignored: Infinite glue
 shrinkage found in box being split [659] [660]
[661] [662]
File: ../figures/mermaid_inline/inline_mermaid_0147_94efd40a8d97.png Graphic fi
le (type bmp)
<../figures/mermaid_inline/inline_mermaid_0147_94efd40a8d97.png>
 [663] [664] [665]
File: ../figures/mermaid_inline/inline_mermaid_0148_234141e89d08.png Graphic fi
le (type bmp)
<../figures/mermaid_inline/inline_mermaid_0148_234141e89d08.png>
 [666] [667] [668]
File: ../figures/mermaid_inline/inline_mermaid_0149_87b101c8c23e.png Graphic fi
le (type bmp)
<../figures/mermaid_inline/inline_mermaid_0149_87b101c8c23e.png>
 [669] [670] [671] [672]
[673] [674] [675]
File: ../figures/mermaid_inline/inline_mermaid_0150_9c1b03a0028a.png Graphic fi
le (type bmp)
<../figures/mermaid_inline/inline_mermaid_0150_9c1b03a0028a.png>

ignored: Infinite glue shrinkage found in box being split [676] [677] [678] [679] [680]
File: ../figures/mermaid_inline/inline_mermaid_0151_39f9cb216cd7.png Graphic fi
le (type bmp)
<../figures/mermaid_inline/inline_mermaid_0151_39f9cb216cd7.png>
 [681] [682] [683]
ignored: Infinite glue shrinkage found in box being split [684]
File: ../figures/mermaid_inline/inline_mermaid_0152_78bc1cfd0164.png Graphic fi
le (type bmp)
<../figures/mermaid_inline/inline_mermaid_0152_78bc1cfd0164.png>

[685] [686]
File: ../figures/mermaid_inline/inline_mermaid_0153_b805ffa795c5.png Graphic fi
le (type bmp)
<../figures/mermaid_inline/inline_mermaid_0153_b805ffa795c5.png>
 [687] [688] [689]
File: ../figures/oxygen_dissociation_curve.png Graphic file (type bmp)
<../figures/oxygen_dissociation_curve.png>
 [690]

Package hyperref Warning: Token not allowed in a PDF string (Unicode):
(hyperref)                removing `subscript' on input line 65027.

File: ../figures/mermaid_inline/inline_mermaid_0154_aa7954aaccab.png Graphic fi
le (type bmp)
<../figures/mermaid_inline/inline_mermaid_0154_aa7954aaccab.png>
[691]

Package hyperref Warning: Token not allowed in a PDF string (Unicode):
(hyperref)                removing `subscript' on input line 65137.

[692] [693]
File: ../figures/mermaid_inline/inline_mermaid_0155_8d32c9d6a8bf.png Graphic fi
le (type bmp)
<../figures/mermaid_inline/inline_mermaid_0155_8d32c9d6a8bf.png>
 [694] [695] [696]
File: ../figures/mermaid_inline/inline_mermaid_0156_6603d0e995af.png Graphic fi
le (type bmp)
<../figures/mermaid_inline/inline_mermaid_0156_6603d0e995af.png>
 [697] [698]
ignored: Infinite glue shrinkage found in box being split [699] [700] [701]
File: ../figures/mermaid_inline/inline_mermaid_0157_4539c84bcc27.png Graphic fi
le (type bmp)
<../figures/mermaid_inline/inline_mermaid_0157_4539c84bcc27.png>
 [702]
ignored: Infinite glue shrinkage found in box being split [703]
[704]
File: ../figures/action_potential.png Graphic file (type bmp)
<../figures/action_potential.png>
 [705]
ignored: Infinite glue shrinkage found in box being split [706] [707]
File: ../figures/mermaid_inline/inline_mermaid_0158_e6c1f83cf706.png Graphic fi
le (type bmp)
<../figures/mermaid_inline/inline_mermaid_0158_e6c1f83cf706.png>
 [708]
File: ../figures/mermaid_inline/inline_mermaid_0159_7b9f1e7b1bee.png Graphic fi
le (type bmp)
<../figures/mermaid_inline/inline_mermaid_0159_7b9f1e7b1bee.png>
 [709] [710] [711] [712] [713] [714] [715]
[716] [717] [718]
File: ../figures/nernst_potentials.png Graphic file (type bmp)
<../figures/nernst_potentials.png>
 [719]
File: ../figures/mermaid_inline/inline_mermaid_0160_6aa448c0dd72.png Graphic fi
le (type bmp)
<../figures/mermaid_inline/inline_mermaid_0160_6aa448c0dd72.png>
 [720] [721] [722]
File: ../figures/mermaid_inline/inline_mermaid_0161_670c2dedea6d.png Graphic fi
le (type bmp)
<../figures/mermaid_inline/inline_mermaid_0161_670c2dedea6d.png>
 [723]
Overfull \hbox (6.54788pt too wide) in paragraph at lines 68281--68281
[]|\TU/STIXTwoText(0)/b/n/9 Recycling 
 []

[724] [725]
File: ../figures/mermaid_inline/inline_mermaid_0162_36db1762ef16.png Graphic fi
le (type bmp)
<../figures/mermaid_inline/inline_mermaid_0162_36db1762ef16.png>
 [726] [727] [728] [729]
File: ../figures/mermaid_inline/inline_mermaid_0163_fc7d28b2a9c2.png Graphic fi
le (type bmp)
<../figures/mermaid_inline/inline_mermaid_0163_fc7d28b2a9c2.png>
 [730]
Overfull \hbox (11.28093pt too wide) in paragraph at lines 68933--68933
[]|\TU/STIXTwoText(0)/b/n/9 Morphine/heroin|  
 []


Overfull \hbox (2.88393pt too wide) in paragraph at lines 68937--68937
[]|\TU/STIXTwoText(0)/b/n/9 Buprenorphine|  
 []


Overfull \hbox (8.68892pt too wide) in paragraph at lines 68939--68939
[]|\TU/STIXTwoText(0)/b/n/9 Benzodiazepines 
 []


ignored: Infinite glue shrinkage found in box being split [731] [732]
ignored: Infinite glue shrin
kage found in box being split [733] [734] [735] [736] [737]
Overfull \hbox (30.78505pt too wide) in paragraph at lines 69583--69583
[]|\TU/STIXTwoText(0)/b/n/9 Peptide/[][]protein[][]|  
 []


Overfull \hbox (15.35905pt too wide) in paragraph at lines 69594--69594
\TU/STIXTwoText(0)/b/n/9 cholamines|  
 []


Overfull \hbox (3.24542pt too wide) in paragraph at lines 69597--69599
[]|\TU/STIXTwoText(0)/b/n/9 Epinephrine, 
 []


Overfull \hbox (17.00604pt too wide) in paragraph at lines 69604--69604
[]|\TU/STIXTwoText(0)/b/n/9 Eicosanoids|  
 []


Overfull \hbox (1.42741pt too wide) in paragraph at lines 69607--69609
\TU/STIXTwoText(0)/b/n/9 leukotrienes|  
 []


ignored: Infinite glue shrinkage found in box being split [738]
Overfull \hbox (31.2172pt too wide) in paragraph at lines 69659--69660
\TU/STIXTwoText(0)/b/n/9 cytoplasmic$[]$nuclear)|  
 []


Overfull \hbox (31.2172pt too wide) in paragraph at lines 69662--69663
\TU/STIXTwoText(0)/b/n/9 cytoplasmic$[]$nuclear)|  
 []


Overfull \hbox (31.2172pt too wide) in paragraph at lines 69665--69666
\TU/STIXTwoText(0)/b/n/9 cytoplasmic$[]$nuclear)|  
 []


Overfull \hbox (1.86462pt too wide) in paragraph at lines 69670--69670
[]|\TU/STIXTwoText(0)/b/n/9 Progesterone|  
 []


Overfull \hbox (23.57628pt too wide) in paragraph at lines 69675--69675
[]|\TU/STIXTwoText(0)/b/n/9 Catecholamine|  
 []


Overfull \hbox (13.22263pt too wide) in paragraph at lines 69678--69678
[]|\TU/STIXTwoText(0)/b/n/9 Norepinephrine|  
 []


Overfull \hbox (23.57628pt too wide) in paragraph at lines 69678--69678
[]|\TU/STIXTwoText(0)/b/n/9 Catecholamine|  
 []


Overfull \hbox (2.54327pt too wide) in paragraph at lines 69681--69681
[]|\TU/STIXTwoText(0)/b/n/9 Iodinated 
 []


Overfull \hbox (2.54327pt too wide) in paragraph at lines 69684--69684
[]|\TU/STIXTwoText(0)/b/n/9 Iodinated 
 []


Overfull \hbox (10.30127pt too wide) in paragraph at lines 69687--69687
[]|\TU/STIXTwoText(0)/b/n/9 Indolamine|  
 []


Overfull \hbox (7.90727pt too wide) in paragraph at lines 69690--69690
[]|\TU/STIXTwoText(0)/b/n/9 Eicosanoid|  
 []


Overfull \hbox (7.90727pt too wide) in paragraph at lines 69693--69693
[]|\TU/STIXTwoText(0)/b/n/9 Eicosanoid|  
 []


ignored: Infinite glue shrinkage found in box being split [739] [740]
File: ../figures/mermaid_inline/inline_mermaid_0164_3472280e63b0.png Graphic fi
le (type bmp)
<../figures/mermaid_inline/inline_mermaid_0164_3472280e63b0.png>
File: ../figures/mermaid_inline/inline_mermaid_0165_9ce0bbb6ae5d.png Graphic fi
le (type bmp)
<../figures/mermaid_inline/inline_mermaid_0165_9ce0bbb6ae5d.png>
 [741] [742] [743] [744]
File: ../figures/mermaid_inline/inline_mermaid_0166_a076687f9cc5.png Graphic fi
le (type bmp)
<../figures/mermaid_inline/inline_mermaid_0166_a076687f9cc5.png>
 [745] [746]
File: ../figures/mermaid_inline/inline_mermaid_0167_3c9c6ef56171.png Graphic fi
le (type bmp)
<../figures/mermaid_inline/inline_mermaid_0167_3c9c6ef56171.png>
 [747]
File: ../figures/mermaid_inline/inline_mermaid_0168_2ed715e1da8a.png Graphic fi
le (type bmp)
<../figures/mermaid_inline/inline_mermaid_0168_2ed715e1da8a.png>

Underfull \hbox (badness 1789) in paragraph at lines 70596--70604
[]\TU/STIXTwoText(0)/b/n/9 Selective COX-2 inhibitors (coxibs) were developed t
o spare COX-1 (preserving gastric prostaglandins and reducing GI bleeding). Ini
tial successes
 []

[748] [749]
ignored: Infinite glue shrinkage found in box being split [750] [751]
File: ../figures/mermaid_inline/inline_mermaid_0169_631db71c65c6.png Graphic fi
le (type bmp)
<../figures/mermaid_inline/inline_mermaid_0169_631db71c65c6.png>
 [752]
File: ../figures/mermaid_inline/inline_mermaid_0170_f94978e2386b.png Graphic fi
le (type bmp)
<../figures/mermaid_inline/inline_mermaid_0170_f94978e2386b.png>
 [753]
File: ../figures/mermaid_inline/inline_mermaid_0171_1e90bd6d08e2.png Graphic fi
le (type bmp)
<../figures/mermaid_inline/inline_mermaid_0171_1e90bd6d08e2.png>

ignored: Infinite glue shrinkage found in box being split [754] [755] [756] [757]
Overfull \hbox (3.36896pt too wide) in paragraph at lines 71636--71638
[]|\TU/STIXTwoText(0)/b/n/9 Granulocyte/macrophage 
 []


ignored: Infinite glue shrinkage found in box being split [758]
ignored: Infinite glue shrinkage f
ound in box being split [759] [760] [761] [762]
File: ../figures/mermaid_inline/inline_mermaid_0172_2aed8e7e5564.png Graphic fi
le (type bmp)
<../figures/mermaid_inline/inline_mermaid_0172_2aed8e7e5564.png>

Overfull \hbox (0.76115pt too wide) in paragraph at lines 72020--72020
[]|\TU/STIXTwoText(0)/b/n/9 Ipilimumab|  
 []


Overfull \hbox (9.56316pt too wide) in paragraph at lines 72026--72026
[]|\TU/STIXTwoText(0)/b/n/9 Atezolizumab, 
 []


Overfull \hbox (5.79216pt too wide) in paragraph at lines 72030--72030
[]|\TU/STIXTwoText(0)/b/n/9 Tislelizumab, 
 []

[763] [764] [765]
File: ../figures/mermaid_inline/inline_mermaid_0173_32b78aac9da5.png Graphic fi
le (type bmp)
<../figures/mermaid_inline/inline_mermaid_0173_32b78aac9da5.png>
 [766]
ignored: Infinite glue shrinkage found in box being split [767] [768] [769]
File: ../figures/mermaid_inline/inline_mermaid_0174_bf7655c0a300.png Graphic fi
le (type bmp)
<../figures/mermaid_inline/inline_mermaid_0174_bf7655c0a300.png>
 [770] [771] [772]
File: ../figures/logistic_growth.png Graphic file (type bmp)
<../figures/logistic_growth.png>
 [773] [774]
File: ../figures/mermaid_inline/inline_mermaid_0175_d4c12273ba7b.png Graphic fi
le (type bmp)
<../figures/mermaid_inline/inline_mermaid_0175_d4c12273ba7b.png>

[775] [776] [777]
File: ../figures/mermaid_inline/inline_mermaid_0176_f42f98ef3168.png Graphic fi
le (type bmp)
<../figures/mermaid_inline/inline_mermaid_0176_f42f98ef3168.png>
 [778] [779]
File: ../figures/allee_threshold_dynamics.png Graphic file (type bmp)
<../figures/allee_threshold_dynamics.png>

ignored: Infinite glue shrinkage found in box being split [780]
File: ../figures/lotka_volterra.png Graphic file (type bmp)
<../figures/lotka_volterra.png>
 [781] [782]
File: ../figures/mermaid_inline/inline_mermaid_0177_c0b67a78890a.png Graphic fi
le (type bmp)
<../figures/mermaid_inline/inline_mermaid_0177_c0b67a78890a.png>
 [783] [784] [785] [786]
[787]
File: ../figures/mermaid_inline/inline_mermaid_0178_477737b69ed1.png Graphic fi
le (type bmp)
<../figures/mermaid_inline/inline_mermaid_0178_477737b69ed1.png>
 [788] [789] [790]
ignored: Infinite glue shrinkage found in box being split [791] [792] 
[793] [794] [795]
File: ../figures/mermaid_inline/inline_mermaid_0179_75b8c647214a.png Graphic fi
le (type bmp)
<../figures/mermaid_inline/inline_mermaid_0179_75b8c647214a.png>
 [796] [797] [798]
[799]
File: ../figures/mermaid_inline/inline_mermaid_0180_18b43723222a.png Graphic fi
le (type bmp)
<../figures/mermaid_inline/inline_mermaid_0180_18b43723222a.png>
 [800] [801]
File: ../figures/mermaid_inline/inline_mermaid_0181_5b60733bc96e.png Graphic fi
le (type bmp)
<../figures/mermaid_inline/inline_mermaid_0181_5b60733bc96e.png>
 [802] [803] [804]
File: ../figures/mermaid_inline/inline_mermaid_0182_8a2e02816705.png Graphic fi
le (type bmp)
<../figures/mermaid_inline/inline_mermaid_0182_8a2e02816705.png>
 [805]
ignored: Infinite glue shrinkage found in box being split [806] [807] [808] [809] 
[810]
[811] [812] [813] [814] [815] [816] [817]
File: ../figures/mermaid_inline/inline_mermaid_0183_9db01333935b.png Graphic fi
le (type bmp)
<../figures/mermaid_inline/inline_mermaid_0183_9db01333935b.png>

ignored: Infinite glue shrinkage found in box being split [818] [819]
ignored: Infinite glue shrin
kage found in box being split [820]
ignored: Infinite glue shrinkage found in box being s
plit [821]
File: ../figures/mermaid_inline/inline_mermaid_0184_2c3c7914855c.png Graphic fi
le (type bmp)
<../figures/mermaid_inline/inline_mermaid_0184_2c3c7914855c.png>
 [822]
ignored: Infinite glue shrinkage found in box being split
[823]
File: ../figures/mermaid_inline/inline_mermaid_0185_4fcc4cb37f87.png Graphic fi
le (type bmp)
<../figures/mermaid_inline/inline_mermaid_0185_4fcc4cb37f87.png>
 [824] [825] [826] [827] [828] [829] [830] [831] [832]
File: ../figures/mermaid_inline/inline_mermaid_0186_30023f5c24bf.png Graphic fi
le (type bmp)
<../figures/mermaid_inline/inline_mermaid_0186_30023f5c24bf.png>
 [833]
ignored: Infinite glue shrinkage found in box being split [834]
[835] [836] [837]
File: ../figures/biome_distribution.png Graphic file (type bmp)
<../figures/biome_distribution.png>
 [838]
Overfull \hbox (2.71082pt too wide) in paragraph at lines 79844--79844
[]|\TU/STIXTwoText(0)/b/n/9 Temperate 
 []


Overfull \hbox (2.71082pt too wide) in paragraph at lines 79847--79847
[]|\TU/STIXTwoText(0)/b/n/9 Temperate 
 []


Overfull \hbox (2.71082pt too wide) in paragraph at lines 79850--79850
[]|\TU/STIXTwoText(0)/b/n/9 Temperate 
 []


Overfull \hbox (18.9918pt too wide) in paragraph at lines 79861--79861
[]|\TU/STIXTwoText(0)/b/n/9 Mediterranean 
 []


ignored: Infinite glue shrinkage found in box being split [839]
Overfull \hbox (3.01541pt too wide) in paragraph at lines 79897--79897
[]|\TU/STIXTwoText(0)/b/n/9 Coastal/neritic 
 []

[840]
File: ../figures/mermaid_inline/inline_mermaid_0187_fb7fd0b64f1f.png Graphic fi
le (type bmp)
<../figures/mermaid_inline/inline_mermaid_0187_fb7fd0b64f1f.png>
File: ../figures/mermaid_inline/inline_mermaid_0188_654bba2ed7a3.png Graphic fi
le (type bmp)
<../figures/mermaid_inline/inline_mermaid_0188_654bba2ed7a3.png>
 [841]
ignored: Infinite glue shrinkage found in box being split [842]
ignored: Infinite glue shrin
kage found in box being split [843]
ignored: Infinite glue shrinkage found in box being s
plit [844]
File: ../figures/mermaid_inline/inline_mermaid_0189_700b94aae4af.png Graphic fi
le (type bmp)
<../figures/mermaid_inline/inline_mermaid_0189_700b94aae4af.png>
 [845] [846]
File: ../figures/species_area_relationship.png Graphic file (type bmp)
<../figures/species_area_relationship.png>
 [847]
ignored: Infinite glue shrinkage found in box being split [848] [849]
File: ../figures/mermaid_inline/inline_mermaid_0190_3a6a9842f9c3.png Graphic fi
le (type bmp)
<../figures/mermaid_inline/inline_mermaid_0190_3a6a9842f9c3.png>
 [850]
File: ../figures/mermaid_inline/inline_mermaid_0191_b8f5c21f48b4.png Graphic fi
le (type bmp)
<../figures/mermaid_inline/inline_mermaid_0191_b8f5c21f48b4.png>

ignored: Infinite glue shrinkage found in box being split [851]
ignored: Infinite glue shrinkage f
ound in box being split
[852]
ignored: Infinite glue shrinkage found in box being split [853] [854] [855]
File: ../figures/mermaid_inline/inline_mermaid_0192_45e01ed0a495.png Graphic fi
le (type bmp)
<../figures/mermaid_inline/inline_mermaid_0192_45e01ed0a495.png>

ignored: Infinite glue shrinkage found in box being split [856] [857] [858] [859] [860] 
[861]
ignored: Infinite glue shrinkage found in box being split [862] [863]
[864] [865] [866] [867] [868] [869] [870]
ignored: Infinite glue shrinkage found in box b
eing split [871] [872] [873] [874] [875]
[876] [877] [878] [879] [880] [881] [882] [883] [884] [885] [886] [887]
ignored: Infinite
 glue shrinkage found in box being split
[888] [889] [890]
ignored: Infinite glue shrinkage found in box being split [891] [892] [
893] [894] [895] [896]
ignored: Infinite glue shrinkage found in box being split [897] [8
98] [899]
[900] [901] [902] [903] [904] [905] [906] [907] [908] [909] [910] [911]
[912] [913] [914] [915]
ignored: Infinite glue shrinkage found in box being split [916] [
917] [918] [919] [920] [921] [922] [923]
[924] [925]
ignored: Infinite glue shrinkage found in box being split [926] [927] [928] [
929] [930]
ignored: Infinite glue shrinkage found in box being split [931] [932] [933] [9
34] [935]
[936] [937] [938]
ignored: Infinite glue shrinkage found in box being split [939] [940] [
941] [942] [943]
ignored: Infinite glue shrinkage found in box being split [944]
ignored: Infinite 
glue shrinkage found in box being split [945] [946] [947]
[948]
ignored: Infinite glue shrinkage found in box being split [949] [950] [951]
ignored: Infinite
 glue shrinkage found in box being split [952] [953] [954] [955] [956]
ignored: Infinite 
glue shrinkage found in box being split [957]
ignored: Infinite glue shrinkage found in b
ox being split [958] [959]
[960] [961]
ignored: Infinite glue shrinkage found in box being split [962] [963]
ignored: Infinite
 glue shrinkage found in box being split [964] [965] [966]
ignored: Infinite glue shrinka
ge found in box being split [967] [968] [969] [970] [971]
ignored: Infinite glue shrinkag
e found in box being split
[972] [973]
ignored: Infinite glue shrinkage found in box being split [974] [975] [976] [
977]
ignored: Infinite glue shrinkage found in box being split [978] [979] [980] [981] [9
82] [983]
[984] [985] [986] [987] [988] [989] [990] [991]
ignored: Infinite glue shrinkage found in
 box being split [992] [993] [994] [995]
[996] [997]
ignored: Infinite glue shrinkage found in box being split [998] [999] [1000] 
[1001] [1002] [1003] [1004] [1005] [1006]
[1007] [1008] [1009] [1010] [1011] [1012] [1013] [1014] [1015] [1016] [1017]
[1018] [1019] [1020] [1021] [1022] [1023]
Underfull \hbox (badness 3291) in paragraph at lines 101649--101653
[]\TU/STIXTwoText(0)/b/n/9 Reticulophagy (selective ER autophagy) is triggered 
by ER stress. Trace the molecular pathway from misfolded protein accumulation $
[]$
 []

[1024] [1025] [1026] [1027] [1028] [1029] [1030] [1031]
Underfull \hbox (badness 2635) in paragraph at lines 103242--103250
[]\TU/STIXTwoText(0)/b/n/9 Horizontal gene transfer of photosynthesis genes bet
ween cyanobacteria and early eukaryotes (primary endosymbiosis) versus between 
non-
 []

[1032] [1033] [1034] [1035] [1036] [1037] [1038] [1039] [1040] [1041] [1042]
[1043] [1044] [1045] [1046] [1047] [1048] [1049] [1050] [1051] [1052] [1053]
[1054] [1055] [1056] [1057] [1058] [1059] [1060] [1061] [1062] [1063] [1064]
[1065] [1066] [1067] [1068] [1069] [1070] [1071] [1072] [1073] [1074] [1075]
[1076] [1077] [1078] [1079] [1080] [1081] [1082] [1083] [1084] [1085] [1086]
[1087] [1088] [1089] [1090] [1091] [1092] [1093] [1094] [1095] [1096] [1097]
[1098] [1099] [1100] [1101] [1102] [1103] [1104] [1105] [1106] [1107]
ignored: Infinite g
lue shrinkage found in box being split [1108]
ignored: Infinite glue shrinkage found in b
ox being split
[1109]
ignored: Infinite glue shrinkage found in box being split [1110] [1111]
ignored: Infinite gl
ue shrinkage found in box being split [1112]
Overfull \hbox (10.05473pt too wide) in paragraph at lines 117068--117068
[]|\TU/STIXTwoText(0)/b/n/9 Haemoglobin, 
 []


Overfull \hbox (3.99773pt too wide) in paragraph at lines 117070--117070
[]|\TU/STIXTwoText(0)/b/n/9 Cytochrome 
 []


Overfull \hbox (3.08873pt too wide) in paragraph at lines 117081--117081
[]|\TU/STIXTwoText(0)/b/n/9 Glutathione 
 []


Overfull \hbox (8.58772pt too wide) in paragraph at lines 117088--117088
[]|\TU/STIXTwoText(0)/b/n/9 Fluoroapatite 
 []


ignored: Infinite glue shrinkage found in box being split [1113]
ignored: Infinite glue shrinkage 
found in box being split [1114] [1115] [1116] [1117] [1118] [1119] [1120] [1121
] [1122] [1123]
[1124] [1125] [1126] [1127] [1128] [1129]
Underfull \hbox (badness 5519) in paragraph at lines 119101--119118
\TU/STIXTwoText(0)/b/n/9 Ecosystem $[]$ section [][]37[][] Electronegativity (\
TU/Menlo(0)/m/n/9 #gl:electronegativity\TU/STIXTwoText(0)/b/n/9 ) $[]$ section 
[][]4[][] Emergence (\TU/Menlo(0)/m/n/9 #gl:self-organization\TU/STIXTwoText(0)
/b/n/9 ) $[]$ section [][]1[][] Endocytosis
 []

[1130]
Underfull \hbox (badness 1484) in paragraph at lines 119196--119212
\TU/STIXTwoText(0)/b/n/9 Meiosis (\TU/Menlo(0)/m/n/9 #gl:meiosis\TU/STIXTwoText
(0)/b/n/9 ) $[]$ section [][]20[][] Metaphase (\TU/Menlo(0)/m/n/9 #gl:anaphase\
TU/STIXTwoText(0)/b/n/9 ) $[]$ sections [][]15[][] and [][]20[][] Microtubule (
\TU/Menlo(0)/m/n/9 #gl:cytoskeleton\TU/STIXTwoText(0)/b/n/9 ) $[]$ section [][]
9[][] Mitochondrion
 []

[1131] [1132] (./_combined_manuscript.bbl [1133

] [1134] [1135] [1136] [1137]
[1138]) [1139] (./_combined_manuscript.aux)
 ***********
LaTeX2e <2025-11-01>
L3 programming layer <2026-01-19>
 ***********


LaTeX Font Warning: Some font shapes were not available, defaults substituted.

 ) 
Here is how much of TeX's memory you used:
 38245 strings out of 468168
 882972 string characters out of 5432815
 1632973 words of memory out of 5000000
 66396 multiletter control sequences out of 15000+600000
 638241 words of font info for 171 fonts, out of 8000000 for 9000
 1348 hyphenation exceptions out of 8191
 90i,13n,117p,1209b,830s stack positions out of 10000i,1000n,20000p,200000b,200000s

Output written on _combined_manuscript.pdf (1140 pages).
